1594806582521820000|融资方|邦盛科技C轮获得等3.5亿人民币投资
1594806582521820001|邦盛科技|科大智能战略融资获得银河证券投资
1594806582521820002|科大智能|月芯科技种子轮获得洪泰智造100万人民币投资
1594806582521820003|月芯科技|帮啦跑腿战略融资获得宏昌创投1000万人民币投资
1594806582521820004|帮啦跑腿|林华医疗Pre-IPO获得蜂巢投资投资
1594806582521820005|林华医疗|联创公社B轮获得广州越秀产业基金等投资
1594806582521820006|联创公社|爱奇艺智能科技Pre-A轮获得中信建投等投资
1594806582521820007|爱奇艺智能科技|高华科技新三板获得未披露机构投资
1594806582521820008|高华科技|隐食家天使轮获得青松基金等投资
1594806582521820009|隐食家|鑫度武术新三板获得无投资
1594806582521820010|鑫度武术|新大陆 6.8亿人民币并购国通星驿付
1594806582521820011|国通星驿付|DatatistPre-A轮获得东方富海3000万人民币投资
1594806582521820012|Datatist|海能达未融资获得国鑫投资投资
1594806582521820013|海能达|联华生鲜超市未披露获得百联集团投资
1594806582521820014|联华生鲜超市|e流甲天使轮获得险峰长青数百万人民币投资
1594806582521820015|e流甲|国路安战略融资获得哲灵投资投资
1594806582521820016|国路安|52TOYSA轮获得弘道资本投资
1594806582521820017|52TOYS|美众联Pre-A轮获得等数千万人民币投资
1594806582521820018|美众联|够快网盘天使轮获得戈壁创投500万人民币投资
1594806582521820019|够快网盘|紫同纳米A轮获得投资
1594806582521820020|紫同纳米|众一精细化工未披露获得九鼎等投资
1594806582521820021|众一精细化工|百世物流 并购爱得宝便利
1594806582521820022|爱得宝便利|江山农药股份 并购利民农化
1594806582521820023|利民农化|SplitA轮获得Lightspeed Venture等800万美元投资
1594806582521820024|Split|筋斗云出行A轮获得领庆创投等投资
1594806582521820025|筋斗云出行|中凯光电新三板获得未披露机构投资
1594806582521820026|中凯光电|微动VidooPre-A轮获得真格基金投资
1594806582521820027|微动Vidoo|东软集团战略融资获得中国宝武投资
1594806582521820028|东软集团|墨者威远特卫安全防范天使轮获得麟玺创投投资
1594806582521820029|墨者威远特卫安全防范|宜视智能天使轮获得过千万人民币投资
1594806582521820030|宜视智能|普万光电未披露获得仁浲粤等投资
1594806582521820031|普万光电|KyruusA+轮获得未披露机构300万美元投资
1594806582521820032|Kyruus|美新半导体私有化获得IDG资本8850万人民币投资
1594806582521820033|山西汾酒|敦华石油定向增发获得苏创燃气4800万人民币投资
1594806582521820034|食行生鲜|云堆新媒天使轮获得新希望资产投资
1594806582521820035|松鼠互联|mParticleB轮获得贝恩资本等1750万美元投资
1594806582521820036|久心医疗|磁宇信息A轮获得武岳峰资本投资
1594806582521820037|37度手环|宏力再生新三板获得无投资
1594806582521820038|智核生物|FLOW福禄Pre-A轮获得经纬中国等1089万美元投资
1594806582521820039|Shippo|正泽科技新三板获得未披露机构投资
1594806582521820040|Cosmeto|天行健新三板获得未披露机构投资
1594806582521820041|美华系统|几口科技天使轮获得无投资
1594806582521820042|云工网络|顺网科技获得投资
1594806582521820043|SCOOT Networks|汇昌股份新三板获得未披露机构投资
1594806582521820044|武汉长凯|农牧优品A轮获得睿达投资
1594806582521820045|喜克电子烟|涂鸦科技战略融资获得投资
1594806582521820046|百分点|维天运通B轮获得投资
1594806582521820047|灌木文化传媒|威和航空科技A轮获得吉林省科技基金投资
1594806582521820048|Domo|宏晶科技战略融资获得安元投资950万人民币投资
1594806582521820049|辽宁邮电规划设计院|雅睿生物战略融资获得上海创投引导基金80万人民币投资
1594806582521820050|中国船柴|GyrfalconA轮获得一村资本数千万人民币投资
1594806582521820051|Drivy|亚华电子材料D轮获得汇佳明兴等投资
1594806582521820052|太平洋证券|昕艺程A轮获得明韵资本投资
1594806582521820053|圈圈科技|合印股份新三板获得未披露机构投资
1594806582521820054|宁夏水利设计院|海世通新三板获得未披露机构投资
1594806582521820055|优译信息|慢钱网B+轮获得7000万人民币投资
1594806582521820056|嘉泽新能|小鸟上学A轮获得中路资本等投资
1594806582521820057|tataUFO|Sun BasketD轮获得August Capital420万美元投资
1594806582521820058|云朵智慧家|海乐尔B轮获得汇石资本投资
1594806582521820059|医数|当虹科技A轮获得光线传媒6150万人民币投资
1594806582521820060|映客直播|努比亚Nubia战略融资获得苏宁云商19.3亿人民币投资
1594806582521820061|江铃汽车|Flipkart战略融资获得DST等7亿美元投资
1594806582521820062|正亚旅游|信传信息天使轮获得九合创投投资
1594806582521820063|母基金周刊|钥世圈云健康A+轮获得上海帝林企业咨询合伙企业（有限合伙）投资
1594806582521820064|全波通信|Forcen种子轮获得NorthSpring Capital Partners等50万美元投资
1594806582521820065|Klaytn|骏达光电B轮获得投资方未知数千万人民币投资
1594806582521820066|厚海文化|爱观视觉天使轮获得西科天使基金等投资
1594806582521820067|EcoFlow|火星财经战略融资获得等投资
1594806582521820068|DreamBoxlearning|锦恒汽车天使轮获得复星集团投资
1594806582521820069|拓斯达|木窄木不饮品店天使轮获得个人投资者600万人民币投资
1594806582521820070|冰洋科技|ST展唐430635新三板获得未披露机构投资
1594806582521820071|PikPik|新光圆成获得未披露机构投资
1594806582521820072|来凯医药|Biz2CreditB轮获得等5200万美元投资
1594806582521820073|建研集团|二人锅A轮获得锐旗资本投资
1594806582521820074|汉朗光电|优译信息天使轮获得德商资本等投资
1594806582521820075|拉酷|Azarus种子轮获得等180万美元投资
1594806582521820076|极视角|中集集团 6亿人民币并购捷通消防车
1594806582521820077|芯天下|花花草草天使轮获得小米等400万人民币投资
1594806582521820078|博恩思|合一康新三板获得未披露机构投资
1594806582521820079|川土微电子|陇神戎发获得未披露机构投资
1594806582521820080|360搜索| 并购Club Travel
1594806582521820081|雷洋智能|金沙股份新三板获得无投资
1594806582521820082|Mori|羿尊医药战略融资获得丽珠医药3000万人民币投资
1594806582521820083|晓多科技|Evident.ioA轮获得未披露机构990万美元投资
1594806582521820084|新游网络|龙声超声天使轮获得哈创投集团投资
1594806582521820085|Pratilipi|铭视科技新三板获得未披露机构投资
1594806582521820086|Regaind|盟云移软在无上市
1594806582521820087|明珞装备|华兴资本 并购IT桔子
1594806582521820088|不止少年|手由宝A轮获得奕铭投资等投资
1594806582521820089|贵州学程无忧|糖医生天使轮获得万川凯源1000万人民币投资
1594806582521820090|天丰新材|正夫口腔新三板获得未披露机构投资
1594806582521820091|三角兽科技|国星宇航战略融资获得成都技术转移投资投资
1594806582521820092|百年人寿|绿禾科技新三板获得未披露机构投资
1594806582521820093|中科闻歌|智航新能源未披露获得尤夫股份投资
1594806582521820094|哲达科技|福尔摩斯天使轮获得南京紫金科技创业投资有限公司投资
1594806582521820095|大族电机|CloudHealth TechC轮获得Sapphire Ventures等2000万美元投资
1594806582521820096|华艺园林|金贵银业战略融资获得投资
1594806582521820097|Shippo|中科睿赛控制A轮获得投资
1594806582521820098|牛智物联|荣辉矿业新三板获得无投资
1594806582521820099|悦小心|爱拼机B+轮获得华映资本等投资
1594806582521820100|盛运环保|充充动力战略融资获得扬州生态科技新城等1000万人民币投资
1594806582521820101|中科微光|U糖Pre-A轮获得国海创新资本1000万人民币投资
1594806582521820102|金玛硼业|Innovega债权融资获得100万美元投资
1594806582521820103|雅美资源|清微智能天使轮获得百度投资并购部等近亿人民币投资
1594806582521820104|铬业科技|黑河农商行未披露获得未披露机构9408万人民币投资
1594806582521820105|PeopleFund|珑璟光电A轮获得等数千万人民币投资
1594806582521820106|小象互娱|SignalFxA轮获得Andreessen Horowitz850万美元投资
1594806582521820107|维多宝|水滴互助A轮获得腾讯产业共赢基金等1.6亿人民币投资
1594806582521820108|Funding Circle|甘来信息天使轮获得松禾资本投资
1594806582521820109|雷神科技|医时信息科技A轮获得普华资本等投资
1594806582521820110|三网科技|光大分析战略融资获得吉林省科技基金投资
1594806582521820111|Nutmeg|宜和宜美A+轮获得济南同晟资本等8000万人民币投资
1594806582521820112|广信股份| 并购Tueo Health
1594806582521820113|彩虹电子玻璃|华龙证券未披露获得金石投资等投资
1594806582521820114|水中游鱼|安图生物获得未披露机构投资
1594806582521820115|人人电商|海蚂蚁A轮获得杭州易宸投资管理有限公司投资
1594806582521820116|智威富|微位科技A+轮获得深创投等2500万人民币投资
1594806582521820117|Flipkart|新康源新三板获得无投资
1594806582521820118|SENASIC琻捷|沃得农机A轮获得招银国际等投资
1594806582521820119|合恩医疗|耀胜体育新三板获得无投资
1594806582521820120|邦力达|Genome MedicalB轮获得Echo Health Ventures等2300万美元投资
1594806582521820121|角度旅行|InscriptaA轮获得未披露机构600万美元投资
1594806582521820122|头文科技|拜登集团天使轮获得深圳海仕通投资集团有限公司等1500万人民币投资
1594806582521820123|药捷安康|景未科技天使轮获得洪泰智造工场投资
1594806582521820124|优亿医疗|天元宠物新三板获得未披露机构投资
1594806582521820125|Alation|在一楼配送种子轮获得无260万人民币投资
1594806582521820126|和谐富腾|小乔跑步机B+轮获得嘉实资本等1.4亿人民币投资
1594806582521820127|猪之宝|走秀网A轮获得凯鹏华盈2000万美元投资
1594806582521820128|福华通达|瓴盛科技天使轮获得建广资产投资
1594806582521820129|新华保险|国路安战略融资获得国路安投资
1594806582521820130|StarVR|ST京健康新三板获得未披露机构投资
1594806582521820131|强联智创|太火鸟Pre-B轮获得京东金融等1000万美元投资
1594806582521820132|QPass|能一郎天使轮获得固德银赛创投投资
1594806582521820133|中烟香港|凯谱乐天使轮获得策源创投等投资
1594806582521820134|古德菲力|车享网A轮获得海通创新1亿人民币投资
1594806582521820135|益起玩|Carbon HealthB轮获得等3000万美元投资
1594806582521820136|邦盛科技|康希诺生物在香港联合交易所上市
1594806582521820137|ARKie|景旺电子获得未披露机构投资
1594806582521820138|微位科技|星逻智能天使轮获得遨问创投1000万人民币投资
1594806582521820139|悦动圈|LiveLikeA轮获得未披露机构500万美元投资
1594806582521820140|Liquefy|瑞幸咖啡天使轮获得愉悦资本10亿人民币投资
1594806582521820141|吃托邦|STATSports战略融资获得等129万美元投资
1594806582521820142|连尚文学|Bird战略融资获得Index Ventures等3亿美元投资
1594806582521820143|中兴新材|必由学新三板获得未披露机构投资
1594806582521820144|澳坤生物|融达新材料未披露获得国开发展基金有限公司投资
1594806582521820145|爱思拓|合力创新新三板获得无投资
1594806582521820146|金康精工|锐翌生物Pre-A轮获得松禾创新投资管理有限公司等4000万人民币投资
1594806582521820147|中国东方电气集团公司|泡椒网A轮获得前海夹金山资管数千万投资
1594806582521820148|华领医药|Mindesk天使轮获得HTC Vive等90万美元投资
1594806582521820149|Crew办公软件|五花头新三板获得无投资
1594806582521820150|Illumio|经过旅行天使轮获得未披露机构600万人民币投资
1594806582521820151|皇达科技|够快网盘A轮获得红杉中国等4000万人民币投资
1594806582521820152|圣牧高科|万达物业未披露获得花样年数十亿人民币投资
1594806582521820153|微度芯创|成都中小担C轮获得成都交子金融控股集团有限公司等投资
1594806582521820154|Evident.io|缔安科技新三板获得无投资
1594806582521820155|中旭建设|庆功林战略融资获得哈创投集团投资
1594806582521820156|四川晶肤|智普信天使轮获得乐搏500万人民币投资
1594806582521820157|苏州睿昕|无 10.12亿人民币并购武陟鼎兴
1594806582521820158|翔达颜料|北斗星医院天使轮获得协立投资等投资
1594806582521820159|寻道科技|兆晟科技新三板获得未披露机构投资
1594806582521820160|海保|Amino AppsB轮获得Google Capital等1920万美元投资
1594806582521820161|雨点金服|速家修种子轮获得成都市政府种子基金1000万人民币投资
1594806582521820162|惠科金渝|俏农ET种子轮获得无100万人民币投资
1594806582521820163|全球衣橱|LookerE轮获得Premji Invest等1.03亿美元投资
1594806582521820164|微纳科技|仁光科技A轮获得汉铎投资投资
1594806582521820165|奥通环保|华文国际A轮获得中科招商投资
1594806582521820166|甘肃电投|天行健未披露获得优领资本投资
1594806582521820167|华通热力|朝亚控股Chayora战略融资获得渣打银行投资
1594806582521820168|云建钢构|凤凰文投战略融资获得广州展腾投资有限公司等投资
1594806582521820169|美圈科技|精湛光电新三板获得未披露机构投资
1594806582521820170|Maxent猛犸反欺诈|Micron美光半导体A轮获得北极光投资
1594806582521820171|波奇智能|普天线缆未披露获得无投资
1594806582521820172|COWAROBOT|Anote智学本天使轮获得未披露机构投资
1594806582521820173|药材买卖网|天池矿业Pre-IPO获得未披露机构投资
1594806582521820174|万娱互动|中科微光天使轮获得中科创星等投资
1594806582521820175|龟与熊猫|普视科技天使轮获得长山投资投资
1594806582521820176|Pienso|东吴农化新三板获得未披露机构投资
1594806582521820177|Platform.sh|宏远电器在无上市
1594806582521820178|大连液力|邦盛科技B轮获得君联资本等1.35亿人民币投资
1594806582521820179|金丰源种业|快递兔天使轮获得九合创投数百万人民币投资
1594806582521820180|包钢冀东|博安通新三板获得未披露机构投资
1594806582521820181|Droidpilot|农广传媒A轮获得创世伙伴资本6000万人民币投资
1594806582521820182|Blueberry Therap|中影年年A轮获得梧桐树资本等数千万人民币投资
1594806582521820183|Baccarat|Withings未披露获得Nokia1.9亿美元投资
1594806582521820184|Luminous|富祥股份获得无投资
1594806582521820185|秦淮风光|手付通未披露获得新力金融投资
1594806582521820186|诺和股份|淳中科技获得未披露机构投资
1594806582521820187|家哇云|侨达国际未披露获得European Investment Bank2500万美元投资
1594806582521820188|Hello Pal|三顿半Pre-A轮获得峰瑞资本1000万人民币投资
1594806582521820189|亚派科技|渤海报关新三板获得无投资
1594806582521820190|10+air|雷神科技战略融资获得优格资本投资
1594806582521820191|Shubham Housing|LabsterB轮获得Owl Ventures等2100万美元投资
1594806582521820192|云樱医疗|AcornsB轮获得Jacobs Asset Management620万美元投资
1594806582521820193|电保姆|天石稀土A轮获得深创投投资
1594806582521820194|宝亮股份|杰尔科技新三板获得未披露机构投资
1594806582521820195|Data pipeline|广弘控股 并购江丰实业
1594806582521820196|新能凤凰|ARKie天使轮获得站酷网400万人民币投资
1594806582521820197|爱悠|苏马游艇新三板获得未披露机构投资
1594806582521820198|Loch Lomond|探鹿天使轮获得蓝驰创投1000万人民币投资
1594806582521820199|凯谱乐|锐石创芯A轮获得等近亿人民币投资
1594806582521820200|台海集团|WorldRemitB轮获得Accel Partners等1亿美元投资
1594806582521820201|易电通|云犀直播Pre-A轮获得赛富亚洲SAIF2000万人民币投资
1594806582521820202|东软医疗|海螺家Pre-A轮获得劲邦资本数千万人民币投资
1594806582521820203|网宿科技|AI精算面相A轮获得未披露1000万人民币投资
1594806582521820204|云网中国|申通快递战略融资获得平安创新投资基金等投资
1594806582521820205|承德避暑山庄|旗滨集团获得未披露机构投资
1594806582521820206|360搜索|爱车屋新三板获得未披露机构投资
1594806582521820207|易瓦特|圆融光电B轮获得汉能投资数千万人民币投资
1594806582521820208|兰姆信息|云赛智联获得未披露机构投资
1594806582521820209|雅布力|家哇云A轮获得海尔资本投资
1594806582521820210|不素盒尚|GT Apeiron Therapeutic种子轮获得GT Healthcare2700万美元投资
1594806582521820211|中兴新材|华钰矿业获得无投资
1594806582521820212|天水长城果汁|众志达新三板获得未披露机构投资
1594806582521820213|赛威客|诗芬洗护种子轮获得论道资本投资
1594806582521820214|炬光科技|柯林布瑞A轮获得正海资本等6800万人民币投资
1594806582521820215|启天股份|鲁大师未披露获得360投资
1594806582521820216|Echo Fox|Upstream天使轮获得Maniv Mobility等数百万美元投资
1594806582521820217|Candy Book|百分点战略融资获得前海梧桐并购基金等投资
1594806582521820218|北汽蓝谷|起飞线天使轮获得未披露机构过千万人民币投资
1594806582521820219|礼诺|博浩生物A轮获得昆明视卓商贸有限公司投资
1594806582521820220|澎思科技|德美医疗A轮获得清控银杏投资
1594806582521820221|意时网|明珞装备天使轮获得海汇投资等1800万人民币投资
1594806582521820222|MediaCross云联网络|Skilancer SolarA轮获得投资
1594806582521820223|VIADNA|你我金融新三板获得光影侠投资
1594806582521820224|沙米|绿旗科技A轮获得九鼎投资
1594806582521820225|点米科技|秒针系统 并购RadioBuy
1594806582521820226|通达航运|HortonworksB轮获得Index Ventures等数千万美元投资
1594806582521820227|中汇影视|爱尔圣安眼科医院天使轮获得上海锦傲投资管理有限公司等投资
1594806582521820228|都市丽人|金川集团战略融资获得国投高科等投资
1594806582521820229|中煤华晋|舜源自动化天使轮获得易联资本投资
1594806582521820230|成都魔方在线|SITECH新特B轮获得重庆市长寿区相关产业投资基金投资
1594806582521820231|LMR Partners|Coupang战略融资获得软银愿景基金20亿美元投资
1594806582521820232|中和农信|FUNSNAP逗映科技天使轮获得追梦者基金等投资
1594806582521820233|美美雅|爱点击iClickD轮获得蓝色光标6000万美元投资
1594806582521820234|必盛激光|日盈电子 并购惠昌传感器
1594806582521820235|Tangem|老K游戏新三板获得无投资
1594806582521820236|远鉴科技|华领医药E轮获得Blue Pool Capital等1.174亿美元投资
1594806582521820237|爱智威|聚土网A+轮获得京东金融数千万人民币投资
1594806582521820238|张掖嘉禾|天人生态B轮获得凯鹏华盈等850万美元投资
1594806582521820239|中电昆辰|深圳冠标科技战略融资获得正享投资投资
1594806582521820240|LetsMD|Sckipio TechnologiesC轮获得Pitango VC等600万美元投资
1594806582521820241|Northvolt|晨蚁快跑种子轮获得武汉霍曼企业发展有限公司等近百万人民币投资
1594806582521820242|禾创药业集团|心医网D轮获得天星资本等投资
1594806582521820243|皇氏集团|PratiipiB轮获得等1500万美元投资
1594806582521820244|因合生物|阿波罗未披露获得上海鼎锋明德等2.95亿人民币投资
1594806582521820245|君威新能|BMF Group AG未披露获得上海沄柏投资投资
1594806582521820246|恒道国际|健保通A+轮获得清控银杏投资
1594806582521820247|小木屋图书|君正集团在无上市
1594806582521820248|Wealthsimple|ImageDT图匠数据A+轮获得等投资
1594806582521820249|急视救|三生制药在上市
1594806582521820250|合一康|GlossierD轮获得Sequoia Capital等1亿美元投资
1594806582521820251|中幼国际教育|视美泰新三板获得未披露机构投资
1594806582521820252|Loggi|霍尔果斯十月文化A轮获得深空十月等投资
1594806582521820253|Dnurse糖护士|艾弗洛天使轮获得投资
1594806582521820254|伟岸纵横| 并购陆港物业
1594806582521820255|博莱股份|嘿呗网络A轮获得宁波梅山保税港区宇英泽君投资合伙企业（有限合伙）投资
1594806582521820256|蓝瑞环保|费勉仪器B轮获得上海快犇等投资
1594806582521820257|成都华微电子|车主邦天使轮获得未披露机构500万人民币投资
1594806582521820258|云智慧|iParty天使轮获得蚂蚁天使70万人民币投资
1594806582521820259|商集网络|云喇叭天使轮获得个人投资者300万人民币投资
1594806582521820260|Coupang|有戏电影酒店A+轮获得等数千万人民币投资
1594806582521820261|河南一微|Flipkart战略融资获得软银集团25亿美元投资
1594806582521820262|众乐家天下|华韩整形新三板获得未披露机构投资
1594806582521820263|宝石金卡|"安凯微电子天使轮获得	 浙江武义凯瑞达电子科技有限公司等投资"
1594806582521820264|蝎子网络|天远三维新三板获得未披露机构投资
1594806582521820265|达因|五元文化B轮获得基石资本等数亿人民币投资
1594806582521820266|知图信息|至高旅游天使轮获得浙大友创等投资
1594806582521820267|MediaCross云联网络|TuringsensePre-A轮获得Fenox Venture Capital等300万美元投资
1594806582521820268|中海阳|一腾小家电天使轮获得九阳股份900万人民币投资
1594806582521820269|快乐购|Orchard未披露获得California Institute for Regenerative Medicine2000万美元投资
1594806582521820270|Sun Basket|通源石油战略融资获得等过亿人民币投资
1594806582521820271|北汽蓝谷|迦美信芯战略融资获得群欣投资投资
1594806582521820272|迦美信芯|立成景观未披露获得上海中毅达股份有限公司1.632亿人民币投资
1594806582521820273|维度市场研究|Dropbox种子轮获得YC2万美元投资
1594806582521820274|美新半导体|汉盟生物科技股权转让获得诚志股份投资
1594806582521820275|AnotherKey|华艺园林Pre-A轮获得瑞力投资等投资
1594806582521820276|沃隆每日坚果|CryptoKitties战略融资获得Venrock等1500万美元投资
1594806582521820277|Virtalis|任子行 4.09999999亿人民币并购泡椒网
1594806582521820278|华功半导体|metaLinearA轮获得Alderley Park Ventures等25万投资
1594806582521820279|Contabilizei|南芯半导体A轮获得顺为资本等1000万人民币投资
1594806582521820280|咘噜戏剧|Root ProtectionC轮获得红点中国等5100万美元投资
1594806582521820281|LevelTen Energy|亿强电子获得合银投资投资
1594806582521820282|芒果娱乐|三节课B轮获得双湖资本1.3亿人民币投资
1594806582521820283|萝卜车|爱点击iClick战略融资获得投资
1594806582521820284|久好电子|彩虹无线B轮获得远毅资本投资
1594806582521820285|Fireblocks|人人电商战略融资获得海尔资本1430万人民币投资
1594806582521820286|优杯Yours Cup|海红技术战略融资获得长江证券等投资
1594806582521820287|FabHotels|洋东西A轮获得道生投资等数千万人民币投资
1594806582521820288|金惠科技|云家居Pre-A轮获得广联达1000万人民币投资
1594806582521820289|小城达人|盈灿科技A轮获得创东方投资等投资
1594806582521820290|紫清信息|洋东西C轮获得唯品会投资
1594806582521820291|昆明怡美假日|五星体育战略融资获得久事投资等投资
1594806582521820292|延华智能|罗博数码A+轮获得好未来等投资
1594806582521820293|中和车身|晟邦设计天使轮获得中海软银600万人民币投资
1594806582521820294|微吼直播|广汽本田未披露获得本田汽车投资
1594806582521820295|全通枸杞|鼎奇幼教未披露获得1.059亿人民币投资
1594806582521820296|人人电商|瑞幸咖啡B+轮获得BlackRock1.5亿美元投资
1594806582521820297|铂涛集团|台北101股权转让获得伊藤忠商事6.65亿美元投资
1594806582521820298|Doctolib|上陵牧业B轮获得华融西部开发等1600万人民币投资
1594806582521820299|Convert lab|安美互联天使轮获得璧合科技等2400万人民币投资
1594806582521820300|华通线缆|SPACE CLUB战略融资获得投资
1594806582521820301|日日顺乐家|誉东健康天使轮获得京东投资
1594806582521820302|盛世通汇|华杰电气新三板获得未披露机构投资
1594806582521820303|融光纳米|Aria SystemsE轮获得贝恩资本等5000万美元投资
1594806582521820304|雨禾精纤|ContabilizeiA轮获得投资
1594806582521820305|北京链安|糖人动漫未披露获得腾讯产业共赢基金等700万人民币投资
1594806582521820306|以岭药业|Cyteir TheraA轮获得未披露机构550万美元投资
1594806582521820307|Lockin China|全峰快递B轮获得景林投资投资
1594806582521820308|Bus365|VoatzA轮获得等700万美元投资
1594806582521820309|赛飞软件|轻盈科研Pre-A轮获得联想之星等投资
1594806582521820310|PowerInbox|美美箱A轮获得无1192万美元投资
1594806582521820311|澳坤生物|云智慧B轮获得红杉中国等1500万美元投资
1594806582521820312|卓唯智科技|幼发拉底教育Pre-A轮获得拼图资本数百万人民币投资
1594806582521820313|Postmates|北控清洁能源A轮获得北控禹阳等投资
1594806582521820314|中影年年|绿野汽车照明A轮获得金沙江联合资本投资
1594806582521820315|宏原科技Marcpoint|追一科技C轮获得中白产业投资基金等4100万美元投资
1594806582521820316|南涪铝精密|安信产业A轮获得广州兆瑞投资咨询有限公司投资
1594806582521820317|Talend|远鉴科技Pre-B轮获得盛信开元投资
1594806582521820318|乐汇牧业|艾瑞咨询获得纵联资本投资
1594806582521820319|科脉技术|智林股份新三板获得无投资
1594806582521820320|索尔科技|上海威派格Pre-IPO获得盈科资本投资
1594806582521820321|富驰高科|侨旺纸模新三板获得无投资
1594806582521820322|中天羊业|盈网科技A轮获得思创医惠投资
1594806582521820323|KeyMe|供联天下A轮获得深圳市利帮旺投资有限公司投资
1594806582521820324|360搜索|圣诺生物A轮获得元禾原点投资
1594806582521820325|零眸智能|翔明激光B轮获得中科创星投资
1594806582521820326|聚隆科技|正赫新材新三板获得未披露机构投资
1594806582521820327|明东电器|LightbendB轮获得Shasta Ventures等1400万人民币投资
1594806582521820328|国泰利民|宁德智享战略融资获得哈啰出行投资
1594806582521820329|中体柠檬|易改衣Pre-A轮获得元禾创投1000万人民币投资
1594806582521820330|第1车贷|星咖科技种子轮获得武汉天使翼数十万人民币投资
1594806582521820331|满座网|Refer种子轮获得500 Startups等100万美元投资
1594806582521820332|过来人求职网|名人朋友圈Pre-A轮获得腾讯产业共赢基金等1000万人民币投资
1594806582521820333|罗博数码|微行电动在未披露机构上市
1594806582521820334|中科昊音|CitconA+轮获得浙商创投等1000万美元投资
1594806582521820335|北汽蓝谷|博恩软件新三板获得无投资
1594806582521820336|云链金融|康孚科技新三板获得未披露机构投资
1594806582521820337|富泰融通|华天科技获得未披露机构投资
1594806582521820338|晓鸣农牧|洛阳玻璃获得未披露机构投资
1594806582521820339|DOOgether|乐凯新材获得无投资
1594806582521820340|云一传媒|皇嘉财务新三板获得未披露机构投资
1594806582521820341|海盈科技|行装A轮获得名川资本数千万人民币投资
1594806582521820342|庆功林|佰源机械A轮获得高特佳投资760万人民币投资
1594806582521820343|莱杯咖啡|好学家天使轮获得博泰集团800万人民币投资
1594806582521820344|金立|斯卡拉传奇A轮获得上海势界投资基金投资
1594806582521820345|Mobidiag|飞的出行Pre-A轮获得等过千万人民币投资
1594806582521820346|金穗生态|Joyseed未披露获得iCandy18万美元投资
1594806582521820347|39互联网医院|赛文技术新三板获得未披露机构投资
1594806582521820348|康通|ShareChatD轮获得等1亿美元投资
1594806582521820349|Northvolt|三色鸟创意设计战略融资获得零度资本投资
1594806582521820350|瀛海股份|微吼直播C轮获得维思资本2亿人民币投资
1594806582521820351|人人婚猎|药明康德在公开发行上市
1594806582521820352|Compass|走秀网B轮获得凯鹏华盈等1亿美元投资
1594806582521820353|KeyMe|WiPlug推B轮获得马力创投投资
1594806582521820354|乐行科技|东恒新能源B轮获得东湖创投投资
1594806582521820355|朗德华|Damon Motorcycles种子轮获得等250万美元投资
1594806582521820356|Tastemade|Dropbox获得未披露机构投资
1594806582521820357|南昌鼎创科技|喜果绿化A轮获得元禾控股等投资
1594806582521820358|五株科技|朗科科技B轮获得金沙江创投等1127万美元投资
1594806582521820359|CryptoKitties|科美生物A轮获得软银中国等投资
1594806582521820360|天人生态|云掌柜B轮获得未披露机构1000万美元投资
1594806582521820361|孚能科技|贝昂科技A轮获得元禾创投650万人民币投资
1594806582521820362|颜匠工场|恒伦医疗天使轮获得山证基金投资
1594806582521820363|招聘兔|Bevi天使轮获得维港投资650万美元投资
1594806582521820364|魔格科技|pppcloudPre-A轮获得中国数码信息有限公司投资
1594806582521820365|卓影科技|多度科技A+轮获得锐革实业等数千万人民币投资
1594806582521820366|长和医疗|贵州醇股权转让获得维维集团投资部2.75亿人民币投资
1594806582521820367|东方教育|佳格电子新三板获得未披露机构投资
1594806582521820368|众应互联|康宁特新三板获得无投资
1594806582521820369|Alation|Gatik种子轮获得Innovation Endeavors等450万美元投资
1594806582521820370|ST华商|仁光科技A轮获得光谷人才基金投资
1594806582521820371|亚美能源|三角兽科技B轮获得赛富亚洲SAIF1.1亿人民币投资
1594806582521820372|少点盐|开阳电子A轮获得力合创投投资
1594806582521820373|云之家|YouMe天使轮获得未披露机构7360万人民币投资
1594806582521820374|Netafim|云链金融天使轮获得中国中车等投资
1594806582521820375|三生制药|紫清信息种子轮获得武岳峰资本投资
1594806582521820376|大街网|爱萨尔生物B+轮获得投资
1594806582521820377|药帮忙|游美国际营地教育A轮获得物源资本等数千万人民币投资
1594806582521820378|Nylas|AvegantC轮获得联络互动等1370万美元投资
1594806582521820379|科恩锐通|货车帮C轮获得软银中国投资
1594806582521820380|中宙光电|维卡幻境天使轮获得中信云网100万人民币投资
1594806582521820381|腕投|长光卫星A轮获得长春卓燊创景科技有限公司等投资
1594806582521820382|Houseparty|易元堂新三板获得无投资
1594806582521820383|豫能控股|通银股份新三板获得未披露机构投资
1594806582521820384|同程生活|优活世纪种子轮获得个人投资者100万人民币投资
1594806582521820385|Axonius|永瀚特种B轮获得华泰紫金投资
1594806582521820386|Pi Therapeutics|柏睿数据B+轮获得东方嘉富等过亿人民币投资
1594806582521820387|敬之网络|丁酉智能A轮获得冠亚投资投资
1594806582521820388|美新半导体|舒狮科技种子轮获得水木资本数十万人民币投资
1594806582521820389|捷夫珠宝|威达仕B轮获得国思资产等投资
1594806582521820390|深兰科技|全时集团 并购GOGO无人超市
1594806582521820391|aktiia|百川环能定向增发获得红杉资本中国数亿人民币投资
1594806582521820392|汇合点|百分点D轮获得光大资本4亿人民币投资
1594806582521820393|迈睿机器人|天天颐年A轮获得369cloud等投资
1594806582521820394|乐乐雅|酵益多Pre-A轮获得花家怡园数百万人民币投资
1594806582521820395|追一科技|滨丽建设B轮获得国泰君安创新投资投资
1594806582521820396|美翻网|思科泰新三板获得未披露机构投资
1594806582521820397|Acorns|兴恒隆新三板获得未披露机构投资
1594806582521820398|Campfire集团|易悦Pre-A轮获得未披露机构2000万人民币投资
1594806582521820399|费勉仪器|AirWheel爱尔威A轮获得未披露机构1200万人民币投资
1594806582521820400|鸿利光电|职行力Pre-A轮获得启诚资本1000万人民币投资
1594806582521820401|Moda Operandi|芯进科技A轮获得蜂巢联创投资
1594806582521820402|中和农信|聚海龙新三板获得无投资
1594806582521820403|文祥渔业|水滴互助C轮获得等过十亿人民币投资
1594806582521820404|金众电子|兆晟科技定向增发获得如山资本2100万人民币投资
1594806582521820405|斯贝尔|iDripPre-A轮获得心元资本2200万人民币投资
1594806582521820406|智浦芯联|凯越电子未披露获得北汽产投等2000万人民币投资
1594806582521820407|苏宁体育|吞云小莳B轮获得启明创投等2000万美元投资
1594806582521820408|芯软科技|海永顺新能源Pre-B轮获得车库咖啡投资
1594806582521820409|雷电微力|建通测绘新三板获得未披露机构投资
1594806582521820410|华领医药|e换电B+轮获得等投资
1594806582521820411|海迪科|The Professional Companies战略融资获得投资
1594806582521820412|SYMPHONY|链接财经天使轮获得未披露机构400万人民币投资
1594806582521820413|极伽时光|诺安百特生物Pre-A轮获得数千万人民币投资
1594806582521820414|农产品集购网|即速应用A+轮获得深创投5000万人民币投资
1594806582521820415|森鹰窗业|和航科技新三板获得未披露机构投资
1594806582521820416|谦玛网络|CloudHealth TechB轮获得Scale Venture等1200万美元投资
1594806582521820417|好家庭集团|柳州医药 7.16亿人民币并购万通制药
1594806582521820418|飞尚科技|深兰科技A轮获得华映资本等数亿人民币投资
1594806582521820419|优地科技|邦盛科技战略融资获得国投创业投资投资
1594806582521820420|运去哪|诺安百特生物战略融资获得等2000万人民币投资
1594806582521820421|Looker|薄言超脑天使轮获得政府扶持资金数百万美元投资
1594806582521820422|柯美特|华益健康A轮获得泰达科技投资投资
1594806582521820423|挪瑞科技|印象股份定向增发获得武夷山旅游（集团）有限公司等6256万人民币投资
1594806582521820424|金海股份|PiexGO战略融资获得投资
1594806582521820425|金正大农业|洋东西战略融资获得快手投资
1594806582521820426|进芯电子|神州万峰天使轮获得文合投资投资
1594806582521820427|少年派影业|美田社天使轮获得无近千万人民币投资
1594806582521820428|富驰高科|趣熊科技A轮获得IDG资本等投资
1594806582521820429|Monstar Lab|威达仕A轮获得广州基金投资
1594806582521820430|威尔直播|ARK designA轮获得洪泰基金4000万人民币投资
1594806582521820431|惠德瑞|展讯通信E轮获得LB投资等1950万美元投资
1594806582521820432|欣含宇通|触手TVD+轮获得Google5亿人民币投资
1594806582521820433|德业变频|智线云A轮获得百度风投投资
1594806582521820434|Rotex柔电云科|艾瑞咨询A轮获得好耶广告1000万人民币投资
1594806582521820435|态格制造|泰和鑫新三板获得无投资
1594806582521820436|锦江乐园|Houseparty种子轮获得等30万美元投资
1594806582521820437|quiXmart 快猫|展讯通信战略融资获得赛伯乐等投资
1594806582521820438|微科生物|Blin.gy停止运营
1594806582521820439|彩色铅笔动画|QuanergyA轮获得Wicklow Capital等3000万人民币投资
1594806582521820440|陇神戎发|PhonePe战略融资获得Flipkart8000万美元投资
1594806582521820441|联合佳成|光力科技战略融资获得深创投等投资
1594806582521820442|源极科技|青创众帮天使轮获得银石资本1000万人民币投资
1594806582521820443|Glossier|强联智创A轮获得联想之星等数千万人民币投资
1594806582521820444|云净网|博广环保新三板获得未披露机构投资
1594806582521820445|上海积塔半导体|垦拓流体天使轮获得招商局资本等投资
1594806582521820446|Crew办公软件|混沌天成新三板获得未披露机构投资
1594806582521820447|佑宝孕育|星云股份在未披露机构上市
1594806582521820448|乐刻运动|Unstoppable Domains种子轮获得73万美元投资
1594806582521820449|半次元|YeelinkD轮获得瑞胜资本等投资
1594806582521820450|米宅科技| 并购Psibernetix
1594806582521820451|远鉴科技|NarvarC轮获得Accel Partners等3000万美元投资
1594806582521820452|华维电瓷|又乐网络科技B轮获得鼎晖投资近亿人民币投资
1594806582521820453|御宿生物|飞熊领鲜Pre-A轮获得数千万人民币投资
1594806582521820454|有利网|哇咔足球天使轮获得蛮子基金等数千万人民币投资
1594806582521820455|熊猫云聘|SignalFxC轮获得Andreessen Horowitz等3000万美元投资
1594806582521820456|壹度股份|Belter倍泰健康A轮获得长园盈佳投资1800万人民币投资
1594806582521820457|优艾维|烽创科技A轮获得贵阳创投投资
1594806582521820458|宁苗生态|立方新能源A轮获得深圳鑫天谕一期股权投资合伙企业（有限合伙）投资
1594806582521820459|华丽志|亿车科技天使轮获得未披露机构1000万人民币投资
1594806582521820460|Platform.sh|餐链天使轮获得美味不用等数千万人民币投资
1594806582521820461|世纪本原|WorldRemitC轮获得Silicon Valley Bank等4000万美元投资
1594806582521820462|青藤之恋|远鉴科技B+轮获得工银瑞信投资投资
1594806582521820463|十二栋文化|云住养Pre-A轮获得1000万人民币投资
1594806582521820464|韩升元|闪闪课堂Pre-B轮获得仁爱资本数千万人民币投资
1594806582521820465|马钢股份|科达自控B轮获得深创投等3000万人民币投资
1594806582521820466|东田光电|DeepScale种子轮获得未披露机构300万美元投资
1594806582521820467|国联智能|Helium Systems战略融资获得Khosla Ventures等1600万美元投资
1594806582521820468|荣宝科技|机械公民Pre-A轮获得华耀资本数千万人民币投资
1594806582521820469|光力科技|智线云A+轮获得游族网络投资
1594806582521820470|宝诚股份|艾弗洛A轮获得投资
1594806582521820471|达因建材|创达特D轮获得英飞尼迪Infinity投资
1594806582521820472|爱拼机|天津深之蓝A+轮获得顺为资本等1.1亿人民币投资
1594806582521820473|95095医药|中装速配Pre-A轮获得银河系创投数千万人民币投资
1594806582521820474|导远科技|富聊战略融资获得镇江市悦禾企业管理咨询合伙企业（有限合伙）投资
1594806582521820475|逗卡|华亿能源新三板获得无投资
1594806582521820476|Ohh智能家居|蓝泰源新三板获得未披露机构投资
1594806582521820477|Try＆Buy Fashions|中广通业新三板获得未披露机构投资
1594806582521820478|Spinny|30迈天使轮获得未披露机构300万人民币投资
1594806582521820479|必安必恒|Freightera未披露获得未披露机构420万美元投资
1594806582521820480|国联环科|唯医骨科网B轮获得苇渡资本投资
1594806582521820481|前景光电|异乡好居A+轮获得小站教育投资
1594806582521820482|天使文化|HailoB轮获得Wellington Partners等3060万人民币投资
1594806582521820483|UCloud|BirdA轮获得Tusk Ventures等1500万美元投资
1594806582521820484|九江银行|大街网天使轮获得蔡文胜等投资
1594806582521820485|加马行乐|科美生物战略融资获得君联资本等投资
1594806582521820486|Convert lab|数据米铺A轮获得艾瑞资本等1000万人民币投资
1594806582521820487|导远科技|IPSTAR潮玩星球天使轮获得厚德前海1000万人民币投资
1594806582521820488|爱特康医疗|卓力能战略融资获得1亿人民币投资
1594806582521820489|安美互联|国鸿集团天使轮获得常春藤资本投资
1594806582521820490|云汇天下|博艺网天使轮获得未披露机构投资
1594806582521820491|甜头菜电商|中汇影视定向增发获得云锋等3093万人民币投资
1594806582521820492|浙江普特|大猩猩科技D轮获得SBI AB Fund1500万美元投资
1594806582521820493|御茶村|TYFFONA轮获得等780万美元投资
1594806582521820494|垦丰种业|Drone LeagueB轮获得华岩资本等2000万美元投资
1594806582521820495|天际友盟|沃尔玛 并购Art.com
1594806582521820496|Northvolt|小微律政Pre-A轮获得蓝驰创投等数百万美元投资
1594806582521820497|西部农资|惠利股份新三板获得未披露机构投资
1594806582521820498|VNTrip|超级猩猩C轮获得复星锐正资本等数亿人民币投资
1594806582521820499|Against Gravity|Zendesk获得无1亿美元投资
1594806582521820500|微摇|智棱科技天使轮获得启赋资本投资
1594806582521820501|安诺优达|万盛达C轮获得投资
1594806582521820502|新光圆成|深发红木新三板获得无投资
1594806582521820503|长和医疗|贝克微电子B轮获得泰有投资等投资
1594806582521820504|办伴科技|鲲池影业Pre-A轮获得楠木资本数千万人民币投资
1594806582521820505|东方四通|蓝帽互动新三板获得未披露机构投资
1594806582521820506|君立华域|TOP链天使轮获得道生投资等1300万人民币投资
1594806582521820507|中电昆辰|亦诺微医药A+轮获得幂方资本等1.02亿人民币投资
1594806582521820508|加小传媒|清泰科战略融资获得数千万人民币投资
1594806582521820509|凤凰文投|米刻科技种子轮获得凰族投资数百万人民币投资
1594806582521820510|中原证券|Sckipio TechnologiesB+轮获得英特尔投资投资
1594806582521820511|雨点金服|博浩生物B轮获得芜湖徽瑞盛达投资管理中心（有限合伙）投资
1594806582521820512|Aquabyte|莱赛激光新三板获得未披露机构投资
1594806582521820513|精湛光电|soft roboticsA轮获得ABB Ventures等500万美元投资
1594806582521820514|华益健康|大象医生天使轮获得天亿投资投资
1594806582521820515|视酷股份|DreamBoxC轮获得The Rise Fund1.3亿美元投资
1594806582521820516|YAOPAI云摄影|众天力新三板获得无投资
1594806582521820517|博鸟绘本|满电未来天使轮获得中路资本投资
1594806582521820518|农产品集购网|中汇影视A轮获得东方富海等3100万人民币投资
1594806582521820519|哲达科技|棒米体温计B轮获得投资
1594806582521820520|必示科技|氢璞创能C轮获得雄韬股份等投资
1594806582521820521|木瓜校园交易平台|炬光科技A轮获得诚毅资本数百万人民币投资
1594806582521820522|隐逸数字|沃镭科技战略融资获得投资
1594806582521820523|盖饭内容工场|海兴科技定向增发获得群峰模具等1450万人民币投资
1594806582521820524|林州致远电子|SignifydC轮获得贝恩资本等5600万美元投资
1594806582521820525|蒙草生态|Hortonworks战略融资获得惠普5000万美元投资
1594806582521820526|前海理想金融|润兆渔业A轮获得深创投投资
1594806582521820527|爱侣健康|大街网C轮获得北极光创投等2000万人民币投资
1594806582521820528|优必爱|KKdayB+轮获得LINE Ventures等投资
1594806582521820529|晶珠藏药|长荣农科新三板获得未披露机构投资
1594806582521820530|油小二|欧比特控制工程获得无投资
1594806582521820531|Nulac|瑞通生物B轮获得长城长富等投资
1594806582521820532|E-Sprots Chain|WeWork ChinaB轮获得挚信等5亿美元投资
1594806582521820533|Agari|千年传说新三板获得无投资
1594806582521820534|Corvidia|ApricityA轮获得Kamet Capital Partners600万欧元投资
1594806582521820535|三生制药|亚王电力A轮获得香港中环电力控股有限公司投资
1594806582521820536|Air.Air！| 58亿美元并购Medidata
1594806582521820537|职趣科技|何氏眼科B轮获得信中利资本投资
1594806582521820538|微纳科技|君信财富战略融资获得银江资本数千万人民币投资
1594806582521820539|中交金卡|仕佳光子A轮获得深创投1000万人民币投资
1594806582521820540|双子智能装备|优普惠新三板获得未披露机构投资
1594806582521820541|全志科技|第1车贷B+轮获得天马股份等1.4亿人民币投资
1594806582521820542|奇瑞新能源|LightbendC轮获得Shasta Ventures等2000万美元投资
1594806582521820543|集氪集采|影创科技Pre-A轮获得朗玛峰创投数千万人民币投资
1594806582521820544|卓泰制药|熊猫直播战略融资获得奇虎360投资
1594806582521820545|Labster| 并购朗镜科技
1594806582521820546|信合节能|凯立德天使轮获得达晨创投224万人民币投资
1594806582521820547|赫尔墨斯|鑫软图无线A+轮获得淳时资本投资
1594806582521820548|Sedgwick Claims|齐翔通航新三板获得未披露机构投资
1594806582521820549|安诺优达|融道网A轮获得上海科投投资
1594806582521820550|安凯微电子|龟与熊猫天使轮获得娱乐工场等数千万人民币投资
1594806582521820551|中科微精|芯长征A+轮获得动平衡资本投资
1594806582521820552|云南水务二次供水有限公司|仕佳光子A+轮获得河南创投等投资
1594806582521820553|坚瑞沃能|老虎证券C+轮获得挑战者资本投资
1594806582521820554|YOYOW|夏阳检测未披露获得银河资本等136万人民币投资
1594806582521820555|TOP链|高登世德A轮获得盈动资本等投资
1594806582521820556|壹点意念|星云Clustar天使轮获得红杉中国数千万人民币投资
1594806582521820557|迈威通信|创米科技A轮获得等1亿人民币投资
1594806582521820558|美盛文化|Enevate战略融资获得Alliance Ventures投资
1594806582521820559|智核生物|圆周率科技A轮获得点石基金等数千万人民币投资
1594806582521820560|嗨团建|E休智电Pre-A轮获得上海智租物流科技有限公司等投资
1594806582521820561|爱司马特|墨迹天气C轮获得创新工场数千万人民币投资
1594806582521820562|尚作农业|华英农业获得未披露机构投资
1594806582521820563|凯添燃气|首汽约车A+轮获得嘉实资本管理有限公司投资
1594806582521820564|顺宇科技|慧城科技种子轮获得博瑞德投资投资
1594806582521820565|百分点|赶圩网未披露获得新浪微博投资
1594806582521820566|天邦菌业|英腾教育新三板获得未披露机构投资
1594806582521820567|Postmates|赛诺医疗战略融资获得道远资本等投资
1594806582521820568|锦宁铝镁新材料|丝路林牧新三板获得无投资
1594806582521820569|冷链马甲|酒庄惠天使轮获得英诺天使基金数千万人民币投资
1594806582521820570|亚洲医疗|中原证券战略融资获得苏豪投资投资
1594806582521820571|富芯微电子|BaccaratA轮获得Catterton等投资
1594806582521820572|东金科技|索智科技新三板获得无投资
1594806582521820573|闪联工程中心|微动VidooA轮获得如山资本等数千万人民币投资
1594806582521820574|思泰意达|莱杯咖啡天使轮获得青山资本等1000万人民币投资
1594806582521820575|磐谷药源|南京油运在上海证券交易所上市
1594806582521820576|供联天下|宇华教育获得无投资
1594806582521820577|纸条|凯越电子新三板获得未披露机构投资
1594806582521820578|福讯软件|又乐网络科技天使轮获得未披露机构投资
1594806582521820579|金山股份|Zuora天使轮获得David Schellhase投资
1594806582521820580|益方生物|建研集团在未披露机构上市
1594806582521820581|齐家科技|桂牛乳业新三板获得无投资
1594806582521820582|Livekick|单单计天使轮获得蚂蚁天使128万人民币投资
1594806582521820583|先众股份|飞恩微电子A轮获得方广资本投资
1594806582521820584|骊住海尔|汇众医疗Pre-A轮获得汇信资产等数千万人民币投资
1594806582521820585|深兰科技|拓普索尔种子轮获得中科创星数十万人民币投资
1594806582521820586|造梦科技|共达电声 34亿人民币并购万魔
1594806582521820587|小微律政|掌酷软件战略融资获得1250万人民币投资
1594806582521820588|兆讯传媒|含能金属材料战略融资获得广东甘化1.8亿人民币投资
1594806582521820589|探迹|AirWheel爱尔威B轮获得松禾资本数千万人民币投资
1594806582521820590|宇通重工|大佛药业战略融资获得深圳宝安集团资产管理有限公司投资
1594806582521820591|Acorns|江蔬种苗战略融资获得苏垦农发1095万人民币投资
1594806582521820592|帮啦跑腿|AirWheel爱尔威天使轮获得合力投资数百万人民币投资
1594806582521820593|诺文科技|旅销宝天使轮获得立元创投数百万人民币投资
1594806582521820594|蓝圈新材|Lightly Tech天使轮获得未披露机构13万投资
1594806582521820595|绿宇新材|禅游科技在上市
1594806582521820596|BHex|云南旅游 810万人民币并购云南国旅
1594806582521820597|Elliquence, LLC|羊羊股份新三板获得无投资
1594806582521820598|DCS链|泡泡云A轮获得国盛集团投资
1594806582521820599|爱租时代|车讯网定向增发获得文轩资本等3960万人民币投资
1594806582521820600|迪富电子|极客学院A轮获得蓝驰创投数百万美元投资
1594806582521820601|索新餐饮|慧财税种子轮获得无投资
1594806582521820602|成者科技|天籁之声新三板获得无投资
1594806582521820603|TQ云呼叫中心|柯林布瑞Pre-A轮获得京颐集团投资
1594806582521820604|比特米|瑞能股份新三板获得未披露机构投资
1594806582521820605|米联科|Carsvs卡萨维斯Pre-A轮获得洪泰基金等投资
1594806582521820606|陕西旅游|工派派天使轮获得投资
1594806582521820607|星巢网络|Kyligence天使轮获得红点中国数百万美元投资
1594806582521820608|成都魔方在线|中澳航空新三板获得未披露机构投资
1594806582521820609|中晋冶金|汇安保险新三板获得未披露机构投资
1594806582521820610|Nubank|CarePay InternationalA轮获得等4000万欧元投资
1594806582521820611|微智电子|Grin Scooters未披露获得Shasta Ventures等700万美元投资
1594806582521820612|微吼直播|唯传科技战略融资获得数千万人民币投资
1594806582521820613|睿丽医疗|宁夏结算天使轮获得宁夏回族自治区政府产业引导基金投资
1594806582521820614|云迹设计|马力冷运Pre-A轮获得等投资
1594806582521820615|三力制药|票易通C轮获得高瓴资本等投资
1594806582521820616|智普信|Hailo未披露获得耀途资本2100万美元投资
1594806582521820617|态格制造|帮啦跑腿Pre-A轮获得厦门漫游科技等近千万人民币投资
1594806582521820618|星巢网络|北京赛普乐未披露获得海能达数万人民币投资
1594806582521820619|惠牛科技|壹运动新三板获得无投资
1594806582521820620|百分点|博得立B轮获得东方汇富投资
1594806582521820621|CCL电竞C站|同程生活种子轮获得近千万人民币投资
1594806582521820622|番茄来了|金电联行天使轮获得未披露机构投资
1594806582521820623|云丁科技|开鑫金服天使轮获得协立投资等2亿人民币投资
1594806582521820624|爱迪生|巴山牧业新三板获得未披露机构投资
1594806582521820625|4K花园|Baccarat天使轮获得1000万人民币投资
1594806582521820626|瑞斯康集团|网宿科技B轮获得达晨创投等4000万人民币投资
1594806582521820627|趣虹|思维列控 15.3亿人民币并购蓝信科技
1594806582521820628|有伞Usan|口贷网未披露获得用友幸福投资3.8亿投资
1594806582521820629|优雷特|朗坤软件A+轮获得北京航天科工信息产业投资基金等投资
1594806582521820630|Metawave|阮仕珍珠战略融资获得Star VC等投资
1594806582521820631|Metawave|财货通未披露获得中投勤奋105万人民币投资
1594806582521820632|西安航天民芯科技|饭来Pre-B轮获得投资
1594806582521820633|IVRE|国脉畅行新三板获得未披露机构投资
1594806582521820634|Social Limited|铸神文化天使轮获得为炉文化等数百万人民币投资
1594806582521820635|安杰建筑|博致电子天使轮获得凯鹏华盈投资
1594806582521820636|诚亿自动化|喆点Pre-A轮获得汉海国际等2000万人民币投资
1594806582521820637|星巡智能|MIRROR健身C轮获得未披露机构3600万美元投资
1594806582521820638|诚烨股份|云南中药新三板获得未披露机构投资
1594806582521820639|Upstream|Eulerian战略融资获得ISAI等数百万投资
1594806582521820640|信用视界|影创科技天使轮获得考拉基金数百万人民币投资
1594806582521820641|GOAT|盛世花都A轮获得万相朝元投资
1594806582521820642|羊驼教育|享+种子轮获得天善资本投资
1594806582521820643|好兄弟教育|仁盈科技新三板获得未披露机构投资
1594806582521820644|阿里体育|Funding Circle天使轮获得未披露机构110万美元投资
1594806582521820645|车夫网|易赞天使轮获得未披露机构数百万人民币投资
1594806582521820646|华芯触控|Wheels Up 并购Travel Management Company
1594806582521820647|国瑞税务|玩主网种子轮获得个人投资者50万人民币投资
1594806582521820648|海露OCEAN AQUA|Micron美光半导体B轮获得未披露机构1200万美元投资
1594806582521820649|嘟嘟生活|四方游泳新三板获得未披露机构投资
1594806582521820650|中原环保|Syook种子轮获得投资
1594806582521820651|通视光电|去兜风天使轮获得北软天使等100万人民币投资
1594806582521820652|原歌酒庄|城云国际B轮获得Cisco思科等2亿人民币投资
1594806582521820653|泡椒网|ARKie战略融资获得站酷网1000万人民币投资
1594806582521820654|四川云端赛|Republic未披露获得币安等1200万美元投资
1594806582521820655|美会说|鲸腾网络A轮获得清泉石资本投资
1594806582521820656|朗科科技|企迈云商天使轮获得未披露1000万人民币投资
1594806582521820657|Easystack|太康制冷新三板获得无投资
1594806582521820658|Lyra Health|芯百特A轮获得广西梧州粤桂合作特别试验区投资开发有限公司投资
1594806582521820659|考拉悠然|加一次元天使轮获得深海资本投资
1594806582521820660|铭汉股份|药明康德战略融资获得红杉资本中国等2550万美元投资
1594806582521820661|华依科技|柳晶科技新三板获得无投资
1594806582521820662|福亿蓝海|Apartment List天使轮获得Scott Ingraham等投资
1594806582521820663|SuperK迷你KTV|悦动圈天使轮获得梅花天使创投等数百万人民币投资
1594806582521820664|Against Gravity|冥想大师种子轮获得Plug and Play等45万人民币投资
1594806582521820665|江西国化|嗨森A轮获得大疆投资
1594806582521820666|大朋VR|手滑科技战略融资获得瑞德智能投资
1594806582521820667|科陆电子|易制科技天使轮获得点亮资本500万人民币投资
1594806582521820668|祁药股份|广西熊孩子A轮获得汉能投资投资
1594806582521820669|新材料在线| 并购罗益生物制药
1594806582521820670|建装业|虎扑体育Pre-IPO获得12.6亿人民币投资
1594806582521820671|爱侣健康|鲲觉Pre-A轮获得October Venture1450万人民币投资
1594806582521820672|宝丰能源|安元科技A轮获得深创投数千万人民币投资
1594806582521820673|Morse Micro|联想来酷战略融资获得投资
1594806582521820674|CredSimple|HealthifyMeB+轮获得SamsungNEXT Ventures等600万美元投资
1594806582521820675|Evident.io|天豫薯业A轮获得无等投资
1594806582521820676|凸赞科技|仁光科技战略融资获得汉铎投资投资
1594806582521820677|小瞄在线|中瑞新源新三板获得未披露机构投资
1594806582521820678|打扮家|旗客科技天使轮获得长虹创投投资
1594806582521820679|哲达科技|EcobeeA轮获得Relay Ventures等投资
1594806582521820680|比得网|贵州学程无忧种子轮获得未披露机构40万人民币投资
1594806582521820681|正雅齿科|UCloudA轮获得贝塔斯曼等1000万美元投资
1594806582521820682|人人婚猎|ARKieA轮获得洪泰基金3000万人民币投资
1594806582521820683|黑果枸杞|集付通未披露获得恒大地产集团5.7亿人民币投资
1594806582521820684|冀凯股份|奇致激光战略融资获得蜂巢投资投资
1594806582521820685|Avegant|金粮股份新三板获得未披露机构投资
1594806582521820686|科大智能|金电联行C轮获得晋商联合等投资
1594806582521820687|Refer.ly|威能电源新三板获得未披露机构投资
1594806582521820688|Inscripta|安顺生物天使轮获得时代伯乐投资
1594806582521820689|邦盛科技|仁华置业A轮获得个人投资者5000万人民币投资
1594806582521820690|虚拟影业|沃尔玛 并购Bare Necessities
1594806582521820691|华艺园林|久洁车服新三板获得未披露机构投资
1594806582521820692|仙侠科技6816手游|云之家A轮获得新光集团数亿人民币投资
1594806582521820693|银多网|天霖艺绿化未披露获得内蒙古蒙草生态环境(集团)股份有限公司3041万人民币投资
1594806582521820694|宜昌交运|奇致激光战略融资获得光谷人才等投资
1594806582521820695|WigWag|天际航未披露获得东湖创投999万人民币投资
1594806582521820696|奇飞翔艺|towerA轮获得红杉中国数百万美元投资
1594806582521820697|瑞森光学|HousepartyA轮获得等370万美元投资
1594806582521820698|JustFab|次元社A轮获得志拙资本350万人民币投资
1594806582521820699|华燕科技|任子行在公开发行上市
1594806582521820700|全峰快递|览众科技新三板获得未披露机构投资
1594806582521820701|小安科技|汇丰信息技术Pre-A轮获得深创投投资
1594806582521820702|CCP Games|量化科技新三板获得未披露机构投资
1594806582521820703|Kyligence|赛诺特生物战略融资获得投资
1594806582521820704|速丰木业|铂涛集团A轮获得凯雷投资集团等投资
1594806582521820705|云犀直播|中技克美新三板获得未披露机构投资
1594806582521820706|小鱼区块链|祐和医药A轮获得百奥财富等6000万人民币投资
1594806582521820707|艺微文化|PratilipiB轮获得启明创投等1515万美元投资
1594806582521820708|Protean|AMIRO天使轮获得天使投资人徐小平500万人民币投资
1594806582521820709|海伯森|鹿大师天使轮获得未披露机构投资
1594806582521820710|磨浆农业|安诺优达天使轮获得正轩数百万人民币投资
1594806582521820711|欧鹏巴赫|聚土网B轮获得中以农业产业基金等数亿人民币投资
1594806582521820712|第1车贷|随喔旅行天使轮获得个人投资者500万人民币投资
1594806582521820713|弹个工|中广影视新三板获得联合基金等9910万人民币投资
1594806582521820714|亚华电子材料|小微律政天使轮获得蓝驰创投数百万美元投资
1594806582521820715|Evident.io|是他天使轮获得陌陌科技数百万人民币投资
1594806582521820716|富途证券|广睿联科技天使轮获得光谷人才基金投资
1594806582521820717|世纪康瑞|德冠廷新三板获得未披露机构投资
1594806582521820718|渥孚科技|钧嵌传感A轮获得大米创投投资
1594806582521820719|Convert lab|奥锐特药业战略融资获得等投资
1594806582521820720|WP Engine|万兴科技 1.275亿人民币并购亿图图示
1594806582521820721|多度科技|七彩亮点新三板获得宁波百胜投资管理合伙企业等6500万人民币投资
1594806582521820722|飞恩微电子|Bestbuy 8亿美元并购GreatCall
1594806582521820723|Evolved By Nature|三个爸爸B+轮获得艾瑞资本投资
1594806582521820724|顺博合金|中电港A轮获得大联大控股等投资
1594806582521820725|财货通|Airmx种子轮获得无投资
1594806582521820726|国路安|深慧视科技Pre-A轮获得数千万人民币投资
1594806582521820727|杰娱网络|科源新材新三板获得未披露机构投资
1594806582521820728|Against Gravity|天威新能源战略融资获得元泓创投投资
1594806582521820729|北汽蓝谷|Porter Road种子轮获得Slow Ventures等投资
1594806582521820730|邦尔医疗|M5STACK种子轮获得HAX投资
1594806582521820731|探鹿|诚烨股份新三板获得未披露机构投资
1594806582521820732|浙江驿栈|深睿医疗A+轮获得丹华资本等1.15亿人民币投资
1594806582521820733|金雄节能|YW由我种子轮获得喔赢资本等投资
1594806582521820734|深睿医疗|上海威派格战略融资获得丰图投资投资
1594806582521820735|逗妮开心|爱租时代A轮获得经纬中国投资
1594806582521820736|星河旅游|中斗科技新三板获得未披露机构投资
1594806582521820737|驿公里|大众文化未披露获得2.52亿人民币投资
1594806582521820738|鲲觉|博世华域转向战略融资获得华域汽车投资
1594806582521820739|澳乐网|Contabilizei获得Point72 Ventures等2000万美元投资
1594806582521820740|疯狂小狗|福信富通未披露获得深创投等4225万人民币投资
1594806582521820741|逗号公寓|聚达光电天使轮获得未披露机构投资
1594806582521820742|健保通|纽顿科技C轮获得弘晖资本等投资
1594806582521820743|莱鸿体育|HailoC轮获得Vectr Ventures5000万美元投资
1594806582521820744|上讯信息|科尔股份新三板获得未披露机构投资
1594806582521820745|LetzConnect|香港FunNowPre-A轮获得中华开发资本150万美元投资
1594806582521820746|SolidEnergy|次元社Pre-A轮获得道生投资等过千万人民币投资
1594806582521820747|明道|WiPlug推A轮获得完美世界投资
1594806582521820748|管车所|墨迹天气A轮获得盛大资本数千万人民币投资
1594806582521820749|Biocoat|英莱科技B轮获得国投创业2000万人民币投资
1594806582521820750|德美医疗|瑞光科技新三板获得未披露机构投资
1594806582521820751|控维通信科技|Amber Enterprise战略融资获得高盛等2800万美元投资
1594806582521820752|VCCT汽车链|贝特智联新三板获得未披露机构投资
1594806582521820753|垦拓流体|中能加速器A轮获得国投创新等投资
1594806582521820754|Locana|雅生活 1.48亿人民币并购城关物业
1594806582521820755|Alicon|KyligenceB轮获得斯道资本等1500万美元投资
1594806582521820756|中科爱姆特|遨博寰宇种子轮获得50万投资
1594806582521820757|Postmates|健保通A轮获得联想之星投资
1594806582521820758|海乐尔|元高分Pre-A轮获得鑫榕启航基金等数千万人民币投资
1594806582521820759|中建教育|快醒科技天使轮获得SuperK100万人民币投资
1594806582521820760|科德威|宜通世纪 10亿人民币并购Belter倍泰健康
1594806582521820761|慧居科技|霖度网络A轮获得投资
1594806582521820762|镇江固废|腾讯音乐Pre-IPO获得华纳音乐等2亿美元投资
1594806582521820763|甲加由|Enevate战略融资获得LG Chem等投资
1594806582521820764|硕橙科技|汉朗光电战略融资获得众海投资
1594806582521820765|宏奇药业|亲宝宝C轮获得好未来等数亿人民币投资
1594806582521820766|卖到非洲网|Shubham HousingB轮获得Saama Capital等800万美元投资
1594806582521820767|Contabilizei|Brookstone博克斯通未披露获得无3500万美元投资
1594806582521820768|优果汇|喀什银行新三板获得无投资
1594806582521820769|龙腾园林|航天网信天使轮获得天地资本投资
1594806582521820770|当虹科技|光鉴科技A轮获得等1500万美元投资
1594806582521820771|悟能用餐|宸安生物天使轮获得道彤投资等投资
1594806582521820772|布拉旅行|信合棉业新三板获得未披露机构投资
1594806582521820773|礼诺|老虎证券在纳斯达克上市
1594806582521820774|北京博达| 并购Bogart Group
1594806582521820775|宝合金服|够近智慧社区Pre-A轮获得中路资本投资
1594806582521820776|遂真生物|海通恒信在上市
1594806582521820777|微动Vidoo|Airbnb中国Pre-IPO获得Technology Crossover Ventures等数亿美元投资
1594806582521820778|荣盛商业|光智通讯A轮获得仁浲粤等投资
1594806582521820779|华侨城商业|青青稞酒定向增发获得投资
1594806582521820780|新宁物流|建装业A轮获得瑞力投资等6000万人民币投资
1594806582521820781|全波通信|上善网络战略融资获得重耳（北京）投资咨询有限公司投资
1594806582521820782|墨云科技|鸿达电子未披露获得富春股份投资
1594806582521820783|捕梦网|友乎天使轮获得未披露机构投资
1594806582521820784|谛听科技|昆艺学院未披露获得首控集团2.1亿人民币投资
1594806582521820785|BeePay|鼎圣科技新三板获得未披露机构投资
1594806582521820786|浙江超容|锱云科技Pre-A轮获得数千万人民币投资
1594806582521820787|Privateaser|中汇影视定向增发获得鼎萨投资投资
1594806582521820788|太古冷链物流|粤电力Ａ在未披露机构上市
1594806582521820789|Funding Circle|捕梦网D轮获得投资
1594806582521820790|脸脸|Bus365B轮获得软银中国等数亿人民币投资
1594806582521820791|24Kick|华富储能新三板获得未披露机构投资
1594806582521820792|Modern Fertility|趣酷文化天使轮获得动域资本投资
1594806582521820793|Personal Capital|良村热电战略融资获得中国工商银行投资
1594806582521820794|汇杰股份|TPC战略融资获得投资
1594806582521820795|思多科|小微律政B轮获得成为资本等投资
1594806582521820796|九柚时空|小桥流水娱乐新三板获得未披露机构投资
1594806582521820797|ViSenze|只去天使轮获得未披露机构400万人民币投资
1594806582521820798|第1车贷|investSurePre-A轮获得4Di Capital等67万美元投资
1594806582521820799|木棉说|碧螺塔新三板获得未披露机构投资
1594806582521820800|小草公社|bromenA轮获得投资
1594806582521820801|任游网|A-Champs天使轮获得投资
1594806582521820802|Postmates|圆融光电A轮获得北极光创投等数千万人民币投资
1594806582521820803|SignalFx|支付宝校园生活天使轮获得蚂蚁金服等投资
1594806582521820804|速站平台|奥义电竞种子轮获得电魂创投350万人民币投资
1594806582521820805|元盛光电|聚土网A轮获得祥峰投资等数千万人民币投资
1594806582521820806|爱享聚|Lockin ChinaA轮获得联通投资
1594806582521820807|宏原科技Marcpoint|柔创纳米种子轮获得未披露机构投资
1594806582521820808|百分点|云汇天下Pre-A轮获得晨兴资本等1500万人民币投资
1594806582521820809|SYMPHONY|分秒速递天使轮获得未披露机构100万人民币投资
1594806582521820810|火眼智能|微众中海天使轮获得中海投资投资
1594806582521820811|和伍精密|宇声科技B轮获得驰星创投投资
1594806582521820812|爽提|欧迅体育A轮获得棕泉资本等投资
1594806582521820813|贵州大学科技学院|优译信息A轮获得百度风投等数千万人民币投资
1594806582521820814|玉象胡杨|Aria SystemsF轮获得Venrock等1800万美元投资
1594806582521820815|陆特能源|F1 Info未披露获得Flipkart投资
1594806582521820816|最右|沙丁科技天使轮获得英诺天使基金等200万美元投资
1594806582521820817|Video++|美新半导体未披露获得未披露机构投资
1594806582521820818|Diamond V|Dehlivery战略融资获得CPPIB1.5亿美元投资
1594806582521820819|随身教|沃朴物联天使轮获得银杏谷资本投资
1594806582521820820|睿捷网络|宁德时代在未披露上市
1594806582521820821|杭州昊方控制|泽立仕未披露获得哔哩哔哩4733万人民币投资
1594806582521820822|长荣华鑫|运去哪A轮获得源码资本数千万美元投资
1594806582521820823|中汇影视|雪银矿业未披露获得兴业矿业10亿人民币投资
1594806582521820824|易瑞微|洛阳餐旅战略融资获得无1.2亿人民币投资
1594806582521820825|科信美德|斯达电气新三板获得未披露机构投资
1594806582521820826|YTG|华丰种业新三板获得未披露机构投资
1594806582521820827|电科电源|上讯信息D轮获得真金投资1500万人民币投资
1594806582521820828|薪朋|Hi维修天使轮获得未披露机构数百万人民币投资
1594806582521820829|药明康德|雅量商业智能天使轮获得过千万人民币投资
1594806582521820830|老板收菜|深昱网络A轮获得星河互联投资
1594806582521820831|麦竞文化|九次方大数据战略融资获得等投资
1594806582521820832|中科微光|点米科技战略融资获得正和方达1.52亿人民币投资
1594806582521820833|掌中无限|AppMagic未披露获得盛景数千万人民币投资
1594806582521820834|逻得岛|墨迹天气天使轮获得险峰长青250万人民币投资
1594806582521820835|福建好牛科技|正和祥医药战略融资获得凯泰资本1亿人民币投资
1594806582521820836|伊对|瑞凯股份未披露获得海汇投资等3430万人民币投资
1594806582521820837|上机数控|次元社战略融资获得和飞基金200万人民币投资
1594806582521820838|办伴科技|Stanley Robotics天使轮获得Elaia Partners等400万美元投资
1594806582521820839|Beyond Sports|西岐网络新三板获得未披露机构投资
1594806582521820840|LEAP MOTION|AnaplanF轮获得Salesforce Ventures等6000万美元投资
1594806582521820841|统力电工|盐湖股份未披露获得德同资本3600万人民币投资
1594806582521820842|浙江驿栈|麦萌对手戏A轮获得国金投资等投资
1594806582521820843|必瑞软件|fflick未披露获得Google Capital1000万美元投资
1594806582521820844|普什制药|嘉泽物流未披露获得齐畅物流2950万人民币投资
1594806582521820845|魔鬼猫|Video++B轮获得阿里巴巴等1.49亿人民币投资
1594806582521820846|凯立德|石墨文档B轮获得今日头条近亿人民币投资
1594806582521820847|大街网|鲁北化工 2.66亿人民币并购田东锦亿
1594806582521820848|淘不锈|云蝌蚪科技种子轮获得未披露机构150万人民币投资
1594806582521820849|爱科百发|科美生物天使轮获得未披露机构500万美元投资
1594806582521820850|SITECH新特|一呼医生天使轮获得梅花天使创投等数百万人民币投资
1594806582521820851|华南通信|海深科技A轮获得浙江中小企业股权投资基金等4000万人民币投资
1594806582521820852|凯思特|巨农管家天使轮获得中新力合500万人民币投资
1594806582521820853|缘通电子|同感科技天使轮获得中信双创等数百万人民币投资
1594806582521820854|张飞充电|亲邻科技A+轮获得尚势资本等数千万人民币投资
1594806582521820855|易林装饰|沃镭科技战略融资获得泰邦创投投资
1594806582521820856|aiCTX|solarisBank AGB轮获得Visa等7019.532万美元投资
1594806582521820857|云汇天下|ZuoraPre-IPO获得Index Ventures等1.14999999亿美元投资
1594806582521820858|风云体育|蜀茂钻石未披露获得爱迪尔珠宝7亿人民币投资
1594806582521820859|人民网|VR Education在无上市
1594806582521820860|东电云视|硕橙科技天使轮获得可可资本等1000万人民币投资
1594806582521820861|汇福康|软通智慧A+轮获得毅达资本数亿人民币投资
1594806582521820862|曙光农牧|百澳股份新三板获得未披露机构投资
1594806582521820863|新华都|觅瑞科技B轮获得成都高投投资
1594806582521820864|玛络零售|宜宠Pre-A轮获得未披露机构450万人民币投资
1594806582521820865|雷神科技|广信股份战略融资获得安徽创投投资
1594806582521820866|Coupang|太平湖文化B轮获得赛富投资基金投资
1594806582521820867|安存语录|能一郎B轮获得楚天汇通投资投资
1594806582521820868|百分点|LoggiC轮获得等1500万美元投资
1594806582521820869|汇源通信|DroneBase战略融资获得无投资
1594806582521820870|柠檬觉醒|尚食科技天使轮获得苏州金沙江朝华二期创业投资合伙企业等投资
1594806582521820871|陆特能源|广哈通信在未披露机构上市
1594806582521820872|中国一重|扬子安防新三板获得未披露机构投资
1594806582521820873|联赢激光|中星技术F轮获得鼎晖等投资
1594806582521820874|财汛通|中谷农业 并购中喜生态
1594806582521820875|朗德华|未披露机构 6.5亿人民币并购维科电池
1594806582521820876|云米科技|兴海能源新三板获得未披露机构投资
1594806582521820877|博艺网|铼锶信息Pre-A轮获得联和投资等5000万人民币投资
1594806582521820878|半次元|三角防务在上市
1594806582521820879|鼎福铝业|苏芯物联战略融资获得江苏雷利500万人民币投资
1594806582521820880|东电云视|华英农业定向增发获得华山资本等8.38亿人民币投资
1594806582521820881|昕瑞再生|太兴集团在未披露机构上市
1594806582521820882|三角兽科技|飞恩微电子B轮获得SIG海纳亚洲投资
1594806582521820883|西王食品|你我金融B轮获得九鼎等2亿人民币投资
1594806582521820884|安扬激光|solarisBank AG天使轮获得yabeo Capital等1220万投资
1594806582521820885|开阳电子|轻松住Pre-A轮获得等240万美元投资
1594806582521820886|锋讯科技|林洋电子战略融资获得中国长城资产投资
1594806582521820887|打扮家|锐越微技术天使轮获得海创投资
1594806582521820888|深圳园林|亮风台战略融资获得君盛投资等投资
1594806582521820889|深兰科技|鼎航医药B轮获得等8000万美元投资
1594806582521820890|因诺科技|一号媒婆天使轮获得天使投资人徐小平等700万人民币投资
1594806582521820891|Pickle Robots|潍坊德诺泰克A轮获得国投东兴投资
1594806582521820892|Autotalks|Advance Publications 17.5亿并购Turnitin
1594806582521820893|圣诺生物|豪迈生物新三板获得未披露机构投资
1594806582521820894|中原物流|Cyteir TheraB轮获得Venrock等2900万美元投资
1594806582521820895|东翼科技|DoctolibE轮获得General Atlantic泛大西洋投资等1.5亿欧元投资
1594806582521820896|Moda Operandi|凯谱乐战略融资获得不惑创投投资
1594806582521820897|诺趣股份|网宿科技战略融资获得广西投资集团35亿人民币投资
1594806582521820898|人为峰|大地牧业新三板获得未披露机构投资
1594806582521820899|青藤之恋|氦舶新能源战略融资获得清控科创投资
1594806582521820900|ViSenze|芒果出行天使轮获得宝驾出行等数百万美元投资
1594806582521820901|七灵石动漫|诺伯曼运动会馆战略融资获得浩沙健身投资
1594806582521820902|建研集团|海博为药业天使轮获得川创投等数千万人民币投资
1594806582521820903|宇顺电子|欧迅体育战略融资获得麦腾创投投资
1594806582521820904|展讯通信|和其瑞医药A轮获得挚信资本等投资
1594806582521820905|赣锋锂业|中国东方电气集团公司获得未披露机构投资
1594806582521820906|Glose|藏格控股 280亿人民币并购巨龙铜业
1594806582521820907|兴致科技|好生活新三板获得未披露机构投资
1594806582521820908|优信技术|易改衣Pre-A轮获得未披露机构投资
1594806582521820909|手付通|环港股份新三板获得无投资
1594806582521820910|悦动圈|合信科技新三板获得未披露机构投资
1594806582521820911|兴瑞商业|JSTYLE精美天使轮获得精品网等投资
1594806582521820912|百川环能|信用宝天使轮获得朗玛峰创投1000万人民币投资
1594806582521820913|优益城|DroneSeedA+轮获得未披露机构500万美元投资
1594806582521820914|天溯计量|艾瑞咨询B轮获得达晨创投等数亿人民币投资
1594806582521820915|顺带速递SoonTake|晶华光学新三板获得未披露机构投资
1594806582521820916|Naturally Slim|万企网络天使轮获得创新工场投资
1594806582521820917|青石证券|药明康德战略融资获得弘晖资产等1000万人民币投资
1594806582521820918|北京安恒|东电云视B轮获得天风天睿等投资
1594806582521820919|八亿时空|沃朴物联A轮获得方向投资等3000万人民币投资
1594806582521820920|奇致激光|蒙牛 3.03亿人民币并购圣牧高科
1594806582521820921|汇电云联|百漫文化Pre-A轮获得厦门吉相股权投资有限公司投资
1594806582521820922|Xiu喜柚油烟机|墨云科技天使轮获得Testin云测投资
1594806582521820923|德昌祥|欣锐科技A轮获得紫金港资本投资
1594806582521820924|炬星科技|JawboneE轮获得BlackRock3亿美元投资
1594806582521820925|因诺航空|Qoreboard种子轮获得IDEA Fund Partners160万美元投资
1594806582521820926|恋爱圈|鲁银投资 并购肥城制盐
1594806582521820927|英腾教育|爱司马特A轮获得信中利资本投资
1594806582521820928|ScaleFlux|氢璞创能天使轮获得江苏嘉和机械集团有限公司投资
1594806582521820929|创梦天地娱乐|三叶草生物制药A轮获得四川天河生物医药产业创业投资基金6280万人民币投资
1594806582521820930|绮纭传媒|英华融泰新三板获得无投资
1594806582521820931|意时网|快乐家家亲战略融资获得积家系统投资
1594806582521820932|堂学格筑|振东制药在上市
1594806582521820933|Innoviz|澳坤生物战略融资获得金石投资等1600万人民币投资
1594806582521820934|新浪微博|根号教育Pre-A轮获得极数创投等1800万人民币投资
1594806582521820935|VIADNA|车萝卜战略融资获得京东金融200万人民币投资
1594806582521820936|天使医生|捷福装备新三板获得未披露机构投资
1594806582521820937|盼贷网|允可精密工业天使轮获得毅达资本投资
1594806582521820938|美新半导体|梦竞电竞A轮获得投资
1594806582521820939|敦华石油|创冰科技A轮获得苏宁云商等3200万人民币投资
1594806582521820940|云堆新媒|烽火富华F轮获得乐清蓝源投资合伙企业（有限合伙）投资
1594806582521820941|mParticle|沂岸花卉新三板获得未披露机构投资
1594806582521820942|磁宇信息|KnowBe4C轮获得KKR等5000万美元投资
1594806582521820943|宏力再生|恒领科技B轮获得深圳市正轩恒领投资合伙企业（有限合伙）投资
1594806582521820944|FLOW福禄|麦高控股新三板获得未披露机构投资
1594806582521820945|正泽科技|车主邦战略融资获得中顺易等数千万人民币投资
1594806582521820946|天行健|虎扑跑步天使轮获得虎扑投资
1594806582521820947|几口科技|绿洲园林新三板获得未披露机构投资
1594806582521820948|顺网科技|Critical Force未披露获得未披露机构630万美元投资
1594806582521820949|汇昌股份|阳光信贷部战略融资获得阳光保险10亿人民币投资
1594806582521820950|农牧优品|Domain TherapeuticsD轮获得等210万欧元投资
1594806582521820951|涂鸦科技|KyruusC+轮获得未披露机构400万美元投资
1594806582521820952|维天运通|摩提工房未披露获得摩根士丹利投资
1594806582521820953|威和航空科技|墨迹天气B轮获得阿里巴巴数千万人民币投资
1594806582521820954|宏晶科技| 2.5亿人民币并购天元信息技术
1594806582521820955|雅睿生物|小码联城天使轮获得蚂蚁金服2亿人民币投资
1594806582521820956|Gyrfalcon|校园司令A轮获得艾云数千万人民币投资
1594806582521820957|亚华电子材料|ST亚东新三板获得未披露机构投资
1594806582521820958|昕艺程|金力永磁在深圳证券交易所上市
1594806582521820959|合印股份|瑞立达新三板获得未披露机构投资
1594806582521820960|海世通|云樱医疗天使轮获得阿里巴巴3300万人民币投资
1594806582521820961|慢钱网|天鸽互动在未披露机构上市
1594806582521820962|小鸟上学|赛洛诗天使轮获得未披露机构600万人民币投资
1594806582521820963|Sun Basket|IllumioA轮获得Andreessen Horowitz等800万美元投资
1594806582521820964|海乐尔|智慧展务未披露获得未披露机构200万人民币投资
1594806582521820965|当虹科技|中科体检天使轮获得凯泰资本投资
1594806582521820966|努比亚Nubia|讯飞幻境A轮获得源慧投资等投资
1594806582521820967|Flipkart|梯度科技A轮获得广投资本等数千万人民币投资
1594806582521820968|信传信息|超粮网A轮获得投资
1594806582521820969|钥世圈云健康|GetsafeA轮获得Commerz Ventures等1700万美元投资
1594806582521820970|Forcen|约播天使轮获得海煦投资投资
1594806582521820971|骏达光电|Hi维修A+轮获得恺英网络5000万人民币投资
1594806582521820972|爱观视觉|气味王国Pre-A轮获得未披露机构投资
1594806582521820973|火星财经|352环保科技天使轮获得贝塔斯曼等2亿人民币投资
1594806582521820974|锦恒汽车|Funding CircleC轮获得Accel Partners等3700万美元投资
1594806582521820975|木窄木不饮品店|礼诺天使轮获得未披露机构2650万美元投资
1594806582521820976|ST展唐430635|Aura Vision种子轮获得110万美元投资
1594806582521820977|新光圆成|众诚科技新三板获得无投资
1594806582521820978|Biz2Credit|萝卜车战略融资获得人众合投投资
1594806582521820979|二人锅|中铁物流集团A轮获得中国华融7.5亿人民币投资
1594806582521820980|优译信息|技术邻B轮获得前启投资投资
1594806582521820981|Azarus|马力冷运种子轮获得未披露机构投资
1594806582521820982|捷通消防车|玄派种子轮获得未披露机构80万人民币投资
1594806582521820983|花花草草|团宴网天使轮获得赛富亚洲基金数百万人民币投资
1594806582521820984|合一康|云势科技天使轮获得中信信诚数百万人民币投资
1594806582521820985|陇神戎发|星源材质获得未披露机构投资
1594806582521820986|Club Travel|EverFiD轮获得德太投资等1.9亿美元投资
1594806582521820987|金沙股份|赢智汇战略融资获得约瑟投资投资
1594806582521820988|羿尊医药|汽配猫战略融资获得时代华商等投资
1594806582521820989|Evident.io|安存语录A+轮获得易一天使等2亿人民币投资
1594806582521820990|龙声超声|CardioLogsA轮获得Bpifrance等640万美元投资
1594806582521820991|铭视科技|Roomi种子轮获得DCM400万美元投资
1594806582521820992|盟云移软|苏宁小店战略融资获得等4.5亿美元投资
1594806582521820993|IT桔子|Modern Fertility种子轮获得First Round Capital等100万美元投资
1594806582521820994|手由宝|晶朗光电B轮获得深圳市前海用电物联网科技有限公司投资
1594806582521820995|糖医生|速康智创A+轮获得荷塘创投投资
1594806582521820996|正夫口腔|爱思迈A轮获得元生资本投资
1594806582521820997|国星宇航|KUBO库宝未披露获得百世物流等1000万人民币投资
1594806582521820998|绿禾科技|北京链安天使轮获得等数千万人民币投资
1594806582521820999|智航新能源|人人行拍Pre-A轮获得无锡源鑫创业投资企业等数百万人民币投资
1594806582521824000|福尔摩斯|探感科技新三板获得未披露机构投资
1594806582521824001|CloudHealth Tech|穿越科技新三板获得未披露机构投资
1594806582521824002|金贵银业|善诊B轮获得等数千万美元投资
1594806582521824003|中科睿赛控制|LUXE City Guides战略融资获得投资
1594806582521824004|荣辉矿业|同系资本 并购珂信健康
1594806582521824005|爱拼机|柯渡医学A轮获得国药资本投资
1594806582521824006|充充动力|一树药业战略融资获得阿里健康8.26亿人民币投资
1594806582521824007|U糖|仁塔科技天使轮获得贵安新区开发投资投资
1594806582521824008|Innovega|爱立德软件战略融资获得协同创新基金投资
1594806582521824009|清微智能|利美康战略融资获得蜂巢投资投资
1594806582521824010|黑河农商行|环宇装备新三板获得未披露机构投资
1594806582521824011|珑璟光电|佰策科技天使轮获得小源科技等投资
1594806582521824012|SignalFx|华领医药D轮获得朗闻资本投资
1594806582521824013|水滴互助|钧嵌传感天使轮获得远瞻资本500万人民币投资
1594806582521824014|甘来信息|湖南金码智能天使轮获得湖南高新创投等投资
1594806582521824015|医时信息科技|裕策生物A轮获得普华资本等投资
1594806582521824016|光大分析|uiza.io种子轮获得150万美元投资
1594806582521824017|宜和宜美|医起A轮获得未披露机构数百万美元投资
1594806582521824018|Tueo Health|天眼通网络种子轮获得水木资本投资
1594806582521824019|华龙证券|拓攻B轮获得坚果资本等数千万人民币投资
1594806582521824020|安图生物|朗科科技天使轮获得真格基金30万美元投资
1594806582521824021|海蚂蚁|inWE因味茶A轮获得刘强东5亿人民币投资
1594806582521824022|微位科技|科天健康未披露获得华夏健康集团3.6亿人民币投资
1594806582521824023|新康源|雷神科技未披露获得同创伟业等投资
1594806582521824024|沃得农机|运策物流C轮获得鼎毅资本投资
1594806582521824025|耀胜体育|极视角A+轮获得华润资本等数千万人民币投资
1594806582521824026|Genome Medical|威鑫农科新三板获得无投资
1594806582521824027|Inscripta|华天软件C轮获得济南高新财金投资投资
1594806582521824028|拜登集团|微位科技天使轮获得未披露机构数百万人民币投资
1594806582521824029|景未科技| 并购双赢伟业
1594806582521824030|天元宠物|中兴华康A轮获得等5000万人民币投资
1594806582521824031|在一楼配送|海迪科A轮获得元禾原点等投资
1594806582521824032|小乔跑步机|内蒙牧都天使轮获得贫困地区产业发展基金有限公司数亿人民币投资
1594806582521824033|走秀网|雷电微力B轮获得工道创新等投资
1594806582521824034|瓴盛科技|冷链马甲天使轮获得金之源等投资
1594806582521824035|国路安|紫金道合天使轮获得金沙江联合资本等投资
1594806582521824036|ST京健康|SignifydB轮获得Menlo Ventures等1900万美元投资
1594806582521824037|太火鸟|氢璞创能B轮获得雄韬股份投资
1594806582521824038|能一郎|帝亚一维新能源汽车B轮获得华熠新能源产业基金数千万人民币投资
1594806582521824039|凯谱乐|工道风行D轮获得乾瞻投资等投资
1594806582521824040|车享网|三角兽科技Pre-A轮获得君联资本等2000万人民币投资
1594806582521824041|Carbon Health|Funding CircleD轮获得Index Ventures等6500万美元投资
1594806582521824042|康希诺生物|HortonworksC轮获得Index Ventures等投资
1594806582521824043|景旺电子|罐头场天使轮获得九合创投数百万人民币投资
1594806582521824044|星逻智能|兆威股份新三板获得未披露机构投资
1594806582521824045|LiveLike|御风维安Pre-A轮获得绿源恒信科技数千万人民币投资
1594806582521824046|瑞幸咖啡|秦淮数据战略融资获得5.7亿美元投资
1594806582521824047|STATSports|中谦广告A轮获得红杉中国等1400万美元投资
1594806582521824048|Bird|药明康德C轮获得斯道资本等5500万美元投资
1594806582521824049|必由学|Splash FinancialA轮获得Northwestern Mutual等430万美元投资
1594806582521824050|融达新材料|亚世光电在深圳证券交易所上市
1594806582521824051|合力创新|芯长征A轮获得中科院科技成果转化基金投资
1594806582521824052|锐翌生物|华龙证券新三板获得未披露机构投资
1594806582521824053|泡椒网|Mohawk Group在上市
1594806582521824054|Mindesk|大唐药业新三板获得无投资
1594806582521824055|五花头|EcobeeB+轮获得亚马逊等3500万美元投资
1594806582521824056|经过旅行|千里眼文化天使轮获得哔哩哔哩数百万人民币投资
1594806582521824057|够快网盘|KnowBe4A+轮获得554万美元投资
1594806582521824058|万达物业|大鲜浪天使轮获得齐一创投数百万人民币投资
1594806582521824059|成都中小担|冰壳科技战略融资获得香港中美烟草集团有限公司2000万美元投资
1594806582521824060|缔安科技|味之家Pre-A轮获得2000万人民币投资
1594806582521824061|庆功林|新琪安B轮获得兴业证券投资
1594806582521824062|智普信|建业地产在未披露机构上市
1594806582521824063|武陟鼎兴|漫漫漫画A轮获得方和资本等近千万人民币投资
1594806582521824064|北斗星医院|泡宝网新三板获得投资
1594806582521824065|兆晟科技|Roam & WanderA轮获得WI Harper Group等数百万美元投资
1594806582521824066|Amino Apps|邦尔医疗C轮获得启明创投3亿人民币投资
1594806582521824067|速家修|"京运通A轮获得	 国润创投等6000万人民币投资"
1594806582521824068|俏农ET|海容冷链在上海交易所上市
1594806582521824069|Looker|山石网科C轮获得北极光创投等3000万美元投资
1594806582521824070|仁光科技|钦家天使轮获得未披露机构1000万人民币投资
1594806582521824071|华文国际|Funding Circle在伦敦证券交易所上市
1594806582521824072|天行健|Citcon战略融资获得East West Capital Limited500万美元投资
1594806582521824073|朝亚控股Chayora|积硕科技新三板获得未披露机构投资
1594806582521824074|凤凰文投|宝诚股份战略融资获得龙德文创投资
1594806582521824075|精湛光电|Sirin LabsA轮获得未披露机构7200万美元投资
1594806582521824076|Micron美光半导体|展招Pre-A轮获得无穹等1000万人民币投资
1594806582521824077|普天线缆|襄阳轴承在未披露机构上市
1594806582521824078|Anote智学本|欧联股份新三板获得无投资
1594806582521824079|天池矿业|金蝶 5045.6亿人民币并购云之家
1594806582521824080|中科微光|兴致科技未披露获得IDG资本等7500万人民币投资
1594806582521824081|普视科技|南昌铁路旅游A轮获得江旅集团投资
1594806582521824082|东吴农化|极点游戏天使轮获得秉鸿资本投资
1594806582521824083|宏远电器|娱子酱天使轮获得嘉道追梦等数百万人民币投资
1594806582521824084|邦盛科技|乐乐趣战略融资获得华商盈通等投资
1594806582521824085|快递兔|节水股份新三板获得未披露机构投资
1594806582521824086|博安通|国联智能天使轮获得天津智能网联汽车投资
1594806582521824087|农广传媒|InnovizA轮获得祥峰投资等900万美元投资
1594806582521824088|中影年年|中汇影视新三板获得未披露机构投资
1594806582521824089|Withings|TFF PharmA+轮获得817万美元投资
1594806582521824090|富祥股份|国机重装天使轮获得全国社保基金等投资
1594806582521824091|手付通|LGbtc3未披露获得未披露机构投资
1594806582521824092|淳中科技|海昌海洋公园 并购博涛文化
1594806582521824093|侨达国际|映界文化天使轮获得紫金科创投资
1594806582521824094|三顿半|众普森科技B轮获得投资
1594806582521824095|渤海报关|
1594806582521824096|雷神科技|山西汾酒战略融资获得华创鑫睿51.6亿人民币投资
1594806582521824097|Labster|食行生鲜D轮获得苏高新创投集团等投资
1594806582521824098|Acorns|松鼠互联A轮获得蓝驰创投1000万美元投资
1594806582521824099|天石稀土|久心医疗A轮获得杏泽资本等数千万人民币投资
1594806582521824100|杰尔科技|37度手环天使轮获得利龙投资400万人民币投资
1594806582521824101|江丰实业|智核生物B轮获得隆门投资投资
1594806582521824102|ARKie|Shippo天使轮获得SoftTech VC等200万美元投资
1594806582521824103|苏马游艇|Cosmeto战略融资获得数十万美元投资
1594806582521824104|探鹿|美华系统战略融资获得投资
1594806582521824105|锐石创芯|云工网络A+轮获得数千万人民币投资
1594806582521824106|WorldRemit| 2500万美元并购SCOOT Networks
1594806582521824107|云犀直播|雅居乐 33.14亿人民币并购武汉长凯
1594806582521824108|海螺家|喜克电子烟A轮获得未披露机构5500万人民币投资
1594806582521824109|AI精算面相|百分点A轮获得IDG资本等720万美元投资
1594806582521824110|申通快递|灌木文化传媒A轮获得哈尔滨展泽投资有限责任公司投资
1594806582521824111|旗滨集团|DomoA轮获得等3300万美元投资
1594806582521824112|爱车屋|辽宁邮电规划设计院未披露获得未披露机构投资
1594806582521824113|圆融光电|中国船柴A轮获得华融国际等投资
1594806582521824114|云赛智联|DrivyA轮获得Alven Capital等830万美元投资
1594806582521824115|家哇云|太平洋证券在未披露机构上市
1594806582521824116|GT Apeiron Therapeutic|圈圈科技天使轮获得飞马旅投资
1594806582521824117|华钰矿业|青龙管业 2.94亿人民币并购宁夏水利设计院
1594806582521824118|众志达|优译信息Pre-A轮获得界石投资1000万人民币投资
1594806582521824119|诗芬洗护|嘉泽新能在未披露机构上市
1594806582521824120|柯林布瑞|tataUFOPre-B轮获得软银集团等投资
1594806582521824121|鲁大师|云朵智慧家A轮获得中海软银等投资
1594806582521824122|Upstream|医数天使轮获得凯利泰医疗科技有限公司数百万人民币投资
1594806582521824123|百分点|映客直播在未披露机构上市
1594806582521824124|起飞线|爱驰汽车 并购江铃汽车
1594806582521824125|博浩生物|正亚旅游未披露获得联程旅游2200万人民币投资
1594806582521824126|德美医疗|母基金周刊A轮获得以太创服等3000万人民币投资
1594806582521824127|明珞装备|全波通信未披露获得银基创投等投资
1594806582521824128|Skilancer Solar|Klaytn战略融资获得Kakao Corp9000万美元投资
1594806582521824129|你我金融|传递娱乐 4.5亿人民币并购厚海文化
1594806582521824130|绿旗科技|EcoFlowA+轮获得等数千万人民币投资
1594806582521824131|RadioBuy|DreamBoxlearning未披露获得The Rise Fund1.3亿美元投资
1594806582521824132|Hortonworks|拓斯达Pre-IPO获得三正集团2000万人民币投资
1594806582521824133|爱尔圣安眼科医院|冰洋科技新三板获得未披露机构投资
1594806582521824134|金川集团|PikPik天使轮获得等数百万人民币投资
1594806582521824135|舜源自动化|来凯医药A轮获得奥博资本等1850万美元投资
1594806582521824136|SITECH新特|建研集团A轮获得天堂硅谷投资
1594806582521824137|Coupang|汉朗光电B轮获得轻舟资本投资
1594806582521824138|FUNSNAP逗映科技|拉酷Pre-A轮获得清控银杏等数百万人民币投资
1594806582521824139|爱点击iClick|极视角B轮获得初心资本投资
1594806582521824140|惠昌传感器|芯天下A轮获得深创投6000万人民币投资
1594806582521824141|老K游戏|博恩思A轮获得德屹资本等1亿人民币投资
1594806582521824142|华领医药|川土微电子天使轮获得朗玛峰创投投资
1594806582521824143|聚土网|360搜索天使轮获得360投资
1594806582521824144|天人生态|雷洋智能新三板获得未披露机构投资
1594806582521824145|深圳冠标科技|MoriA轮获得等400万英镑投资
1594806582521824146|Sckipio Technologies|晓多科技A+轮获得九合创投投资
1594806582521824147|晨蚁快跑|新游网络新三板获得未披露机构投资
1594806582521824148|心医网|Pratilipi种子轮获得Nexus Venture Partners投资
1594806582521824149|Pratiipi|Regaind未披露获得Apple投资
1594806582521824150|阿波罗|明珞装备B轮获得达晨创投等1.2亿人民币投资
1594806582521824151|BMF Group AG|不止少年天使轮获得险峰长青等投资
1594806582521824152|健保通|贵州学程无忧天使轮获得未披露机构300万人民币投资
1594806582521824153|君正集团|天丰新材C轮获得未披露机构投资
1594806582521824154|ImageDT图匠数据|三角兽科技天使轮获得洪泰基金等数千万人民币投资
1594806582521824155|三生制药|百年人寿股权转让获得绿城集团27.18亿人民币投资
1594806582521824156|Glossier|中科闻歌B轮获得恒邦资本等1亿人民币投资
1594806582521824157|视美泰|哲达科技A轮获得金智创投1500万人民币投资
1594806582521824158|霍尔果斯十月文化|大族电机战略融资获得大族激光投资
1594806582521824159|艾弗洛|华艺园林新三板获得未披露机构投资
1594806582521824160|陆港物业|ShippoB轮获得Bessemer Venture Partners等2000万美元投资
1594806582521824161|嘿呗网络|牛智物联A轮获得英飞拓投资
1594806582521824162|费勉仪器|悦小心B轮获得坚果资本等投资
1594806582521824163|车主邦|盛运环保获得未披露机构投资
1594806582521824164|iParty|中科微光A轮获得荣安资本投资
1594806582521824165|云喇叭|*ST东南 19亿人民币并购金玛硼业
1594806582521824166|有戏电影酒店|雅美资源新三板获得无投资
1594806582521824167|Flipkart|铬业科技B轮获得华融资本管理有限公司投资
1594806582521824168|华韩整形|PeopleFundB+轮获得Lending Ark等3500万美元投资
1594806582521824169|安凯微电子|小象互娱A+轮获得刘谋（顶级主播PDD）等1.25亿人民币投资
1594806582521824170|天远三维|维多宝新三板获得未披露机构投资
1594806582521824171|五元文化|Funding CircleB轮获得Index Ventures等1600万美元投资
1594806582521824172|至高旅游|雷神科技A轮获得紫辉创投2250万人民币投资
1594806582521824173|Turingsense|三网科技B轮获得老鹰基金投资
1594806582521824174|一腾小家电|Nutmeg未披露获得Principal Strategic Investments等4500万英镑投资
1594806582521824175|Orchard|广信股份获得未披露机构投资
1594806582521824176|通源石油|彩虹电子玻璃战略融资获得长虹创投等投资
1594806582521824177|迦美信芯|水中游鱼A轮获得紫金科创投资
1594806582521824178|立成景观|人人电商定向增发获得深创投等2.2亿人民币投资
1594806582521824179|Dropbox|智威富天使轮获得老鹰基金数百万人民币投资
1594806582521824180|汉盟生物科技|Flipkart未披露获得沃尔玛160亿美元投资
1594806582521824181|华艺园林|SENASIC琻捷B轮获得天博投资投资
1594806582521824182|CryptoKitties|合恩医疗A轮获得瑞德设计投资
1594806582521824183|泡椒网|邦力达新三板获得未披露机构投资
1594806582521824184|metaLinear|角度旅行种子轮获得World Innovation Lab等200万美元投资
1594806582521824185|南芯半导体|头文科技战略融资获得投资
1594806582521824186|Root Protection|药捷安康A轮获得长江国弘投资
1594806582521824187|亿强电子|优亿医疗天使轮获得泰达科投投资
1594806582521824188|三节课|AlationA轮获得Bloomberg等895万美元投资
1594806582521824189|爱点击iClick|和谐富腾B轮获得无2亿美元投资
1594806582521824190|彩虹无线|猪之宝A轮获得初心资本等800万人民币投资
1594806582521824191|人人电商|福华通达B轮获得建信财富等投资
1594806582521824192|海红技术|新华保险D轮获得淡马锡等73.46亿人民币投资
1594806582521824193|洋东西|StarVR在无上市
1594806582521824194|云家居|强联智创天使轮获得安龙基金1000万人民币投资
1594806582521824195|盈灿科技|QPassC轮获得纪源资本GGV投资
1594806582521824196|洋东西|中烟香港在上市
1594806582521824197|五星体育|古德菲力B轮获得达晨创投等1亿人民币投资
1594806582521824198|罗博数码|益起玩天使轮获得大连星海融创投资
1594806582521824199|晟邦设计|邦盛科技B+轮获得方广资本等1.6亿人民币投资
1594806582521824200|广汽本田|ARKieA+轮获得深圳市迪润投资管理有限公司数千万人民币投资
1594806582521824201|鼎奇幼教|微位科技A轮获得深创投等1500万人民币投资
1594806582521824202|瑞幸咖啡|悦动圈B轮获得1亿人民币投资
1594806582521824203|台北101|Liquefy种子轮获得Soul Capital投资
1594806582521824204|上陵牧业|吃托邦A轮获得商盈投资投资
1594806582521824205|安美互联|连尚文学A轮获得厚朴投资投资
1594806582521824206|SPACE CLUB|中兴新材B轮获得同创伟业等数千万人民币投资
1594806582521824207|誉东健康|澳坤生物C轮获得深创投2700万人民币投资
1594806582521824208|华杰电气|爱思拓A轮获得无极道投资投资
1594806582521824209|Aria Systems|金康精工新三板获得未披露机构投资
1594806582521824210|Contabilizei|东风科技 并购中国东方电气集团公司
1594806582521824211|糖人动漫|华领医药B轮获得Venrock等2500万美元投资
1594806582521824212|Cyteir Thera|Crew办公软件种子轮获得未披露机构190万美元投资
1594806582521824213|全峰快递|IllumioB轮获得General Catalyst等3450万美元投资
1594806582521824214|Voatz|皇达科技新三板获得未披露机构投资
1594806582521824215|轻盈科研|圣牧高科B轮获得红杉中国投资
1594806582521824216|美美箱|微度芯创A轮获得马力创投等投资
1594806582521824217|云智慧|Palo Alto Networks 3亿美元并购Evident.io
1594806582521824218|幼发拉底教育|中旭建设未披露获得清水源投资
1594806582521824219|北控清洁能源|朗姿股份 并购四川晶肤
1594806582521824220|绿野汽车照明|苏州睿昕战略融资获得善达投资等投资
1594806582521824221|追一科技|翔达颜料新三板获得未披露机构投资
1594806582521824222|安信产业|寻道科技Pre-A轮获得成都技术转移投资有限公司500万人民币投资
1594806582521824223|远鉴科技|海保A轮获得好望角投资等5000万人民币投资
1594806582521824224|艾瑞咨询|雨点金服天使轮获得个人投资者投资
1594806582521824225|智林股份|惠科金渝天使轮获得渝富资本投资
1594806582521824226|上海威派格|全球衣橱Pre-A轮获得梅花创投投资
1594806582521824227|侨旺纸模|微纳科技战略融资获得杭州巨星科技投资
1594806582521824228|盈网科技|奥通环保天使轮获得杭州睿唯投资等投资
1594806582521824229|供联天下|甘肃电投战略融资获得中金公司投资
1594806582521824230|圣诺生物|华通热力获得未披露机构投资
1594806582521824231|翔明激光|云建钢构新三板获得未披露机构投资
1594806582521824232|正赫新材|美圈科技天使轮获得个人投资者500万人民币投资
1594806582521824233|Lightbend|Maxent猛犸反欺诈A+轮获得DCM等5000万人民币投资
1594806582521824234|宁德智享|波奇智能种子轮获得未披露机构50万人民币投资
1594806582521824235|易改衣|COWAROBOTA轮获得合力投资投资
1594806582521824236|星咖科技|药材买卖网天使轮获得天使投资人王刚近千万人民币投资
1594806582521824237|Refer|万娱互动B轮获得三千资本投资
1594806582521824238|名人朋友圈|龟与熊猫Pre-A轮获得高瓴资本等数千万人民币投资
1594806582521824239|微行电动|Pienso种子轮获得Eniac Ventures等210万美元投资
1594806582521824240|Citcon|Platform.sh种子轮获得ISAI100万美元投资
1594806582521824241|博恩软件|华君控股 3600万人民币并购大连液力
1594806582521824242|康孚科技|金丰源种业新三板获得无投资
1594806582521824243|华天科技|包钢冀东股权转让获得唐山冀东4907万人民币投资
1594806582521824244|洛阳玻璃|DroidpilotA轮获得东莞信托等数千万人民币投资
1594806582521824245|乐凯新材|Blueberry TherapA轮获得Catapult Ventures等300万投资
1594806582521824246|皇嘉财务|沣沅资本 数十亿人民币并购Baccarat
1594806582521824247|行装|Luminous种子轮获得等投资
1594806582521824248|佰源机械|南纺股份（600250） 并购秦淮风光
1594806582521824249|好学家|诺和股份未披露获得浙江机电投资
1594806582521824250|斯卡拉传奇|家哇云战略融资获得同创伟业投资
1594806582521824251|飞的出行|Hello Pal在未披露机构上市
1594806582521824252|Joyseed|亚派科技新三板获得未披露机构投资
1594806582521824253|赛文技术|10+air天使轮获得弘道资本数百万人民币投资
1594806582521824254|ShareChat|Shubham HousingC+轮获得Premji Invest3500万美元投资
1594806582521824255|三色鸟创意设计|云樱医疗A轮获得十维资本等数千万人民币投资
1594806582521824256|微吼直播|电保姆新三板获得未披露机构投资
1594806582521824257|药明康德|宝亮股份新三板获得无投资
1594806582521824258|走秀网|Data pipelineA+轮获得百度风投等数千万人民币投资
1594806582521824259|WiPlug推|新能凤凰股权转让获得联泓集团2.88亿人民币投资
1594806582521824260|东恒新能源|爱悠天使轮获得未披露机构1000万人民币投资
1594806582521824261|Damon Motorcycles|高瓴资本 并购Loch Lomond
1594806582521824262|Dropbox|凯谱乐C轮获得未披露机构1亿美元投资
1594806582521824263|喜果绿化|中核香港产业基金 13.22亿人民币并购台海集团
1594806582521824264|朗科科技|易电通新三板获得未披露机构投资
1594806582521824265|科美生物|东软医疗战略融资获得百度投资并购部2252万人民币投资
1594806582521824266|云掌柜|网宿科技定向增发获得兴证资管等36亿人民币投资
1594806582521824267|贝昂科技|云网中国B轮获得Opus Capital等数千万美元投资
1594806582521824268|恒伦医疗|承德避暑山庄新三板获得未披露机构投资
1594806582521824269|Bevi|360搜索获得达晨创投等数千万美元投资
1594806582521824270|pppcloud|易瓦特B轮获得上海来硕投资等1.3亿人民币投资
1594806582521824271|多度科技|兰姆信息A轮获得IDG资本等投资
1594806582521824272|贵州醇|雅布力Pre-A轮获得小咖资本1.5亿人民币投资
1594806582521824273|佳格电子|不素盒尚天使轮获得德同资本投资
1594806582521824274|康宁特|中兴新材战略融资获得基石资本投资
1594806582521824275|Gatik|天水长城果汁C轮获得甘肃省兰州生物医药产业创业投资基金有限公司投资
1594806582521824276|仁光科技|赛威客新三板获得未披露机构投资
1594806582521824277|三角兽科技|炬光科技B轮获得中科创星投资
1594806582521824278|开阳电子|启天股份新三板获得未披露机构投资
1594806582521824279|YouMe|Echo Fox战略融资获得First Access Entertainment等3800万美元投资
1594806582521824280|云链金融|Candy BookPre-A轮获得未披露数千万人民币投资
1594806582521824281|紫清信息|"北汽蓝谷借壳上市	获得北汽新能源288.5亿投资"
1594806582521824282|爱萨尔生物|礼诺A轮获得Tengelmann Ventures2000万美元投资
1594806582521824283|游美国际营地教育|澎思科技Pre-A轮获得IDG资本等数千万人民币投资
1594806582521824284|Avegant|意时网C轮获得未披露机构投资
1594806582521824285|货车帮|MediaCross云联网络天使轮获得天使投资人薛蛮子等数百万人民币投资
1594806582521824286|维卡幻境|VIADNA战略融资获得浙江一普大数投资有限公司投资
1594806582521824287|长光卫星|沙米Pre-A轮获得京东1000万人民币投资
1594806582521824288|易元堂|点米科技B轮获得粤民投2亿人民币投资
1594806582521824289|通银股份|通达航运新三板获得无投资
1594806582521824290|优活世纪|中汇影视战略融资获得三七互娱投资
1594806582521824291|永瀚特种|都市丽人未披露获得复星集团5.99亿投资
1594806582521824292|柏睿数据|中煤华晋A轮获得中煤能源投资
1594806582521824293|丁酉智能|成都魔方在线A轮获得未披露机构2000万人民币投资
1594806582521824294|舒狮科技|LMR Partners未披露获得高盛投资
1594806582521824295|威达仕|中和农信A轮获得红杉中国等投资
1594806582521824296|GOGO无人超市|功夫熊 并购美美雅
1594806582521824297|百川环能|必盛激光天使轮获得西科天使基金等投资
1594806582521824298|百分点|Tangem天使轮获得1500万美元投资
1594806582521824299|天天颐年|远鉴科技A轮获得启明星辰等投资
1594806582521824300|酵益多|爱智威新三板获得未披露机构投资
1594806582521824301|滨丽建设|张掖嘉禾A轮获得甘肃战略新兴产业投资投资
1594806582521824302|思科泰|中电昆辰天使轮获得洪泰基金投资
1594806582521824303|兴恒隆|LetsMD种子轮获得Calcutta Angels等3400万投资
1594806582521824304|易悦|Northvolt战略融资获得IKEA等9亿欧元投资
1594806582521824305|AirWheel爱尔威|鹭燕医药 并购禾创药业集团
1594806582521824306|职行力|皇氏集团未披露获得中国风投240万人民币投资
1594806582521824307|芯进科技|因合生物A轮获得正威集团等5000万人民币投资
1594806582521824308|聚海龙|君威新能C轮获得沈阳信息产业创业投资有限公司投资
1594806582521824309|水滴互助|恒道国际A+轮获得海尔资本等数千万人民币投资
1594806582521824310|兆晟科技|小木屋图书Pre-A轮获得名川资本等数千万人民币投资
1594806582521824311|iDrip|Wealthsimple战略融资获得等7422万美元投资
1594806582521824312|凯越电子|急视救种子轮获得未披露机构150万人民币投资
1594806582521824313|吞云小莳|合一康B轮获得深创投等投资
1594806582521824314|海永顺新能源|中幼国际教育未披露获得皇台酒业投资
1594806582521824315|建通测绘|LoggiB轮获得Monashees Capital等1500万美元投资
1594806582521824316|e换电|Dnurse糖护士天使轮获得险峰长青等数百万人民币投资
1594806582521824317|The Professional Companies|伟岸纵横新三板获得未披露机构投资
1594806582521824318|链接财经|博莱股份新三板获得未披露机构投资
1594806582521824319|诺安百特生物|蓝瑞环保A轮获得东方富海投资
1594806582521824320|即速应用|成都华微电子A轮获得华大半导体投资
1594806582521824321|和航科技|云智慧B+轮获得红杉中国等1230万美元投资
1594806582521824322|CloudHealth Tech|商集网络A轮获得数千万人民币投资
1594806582521824323|万通制药|CoupangPre-IPO获得BlackRock3亿美元投资
1594806582521824324|深兰科技|河南一微A轮获得博嘉创投投资
1594806582521824325|邦盛科技|众乐家天下天使轮获得360投资
1594806582521824326|诺安百特生物|宝石金卡新三板获得未披露机构投资
1594806582521824327|薄言超脑|蝎子网络A+轮获得基石资本等投资
1594806582521824328|华益健康|达因战略融资获得光大金控投资
1594806582521824329|印象股份|知图信息种子轮获得思德创投投资
1594806582521824330|PiexGO|MediaCross云联网络A+轮获得奇成资本等1500万人民币投资
1594806582521824331|洋东西|中海阳未披露获得龙马汇资本等投资
1594806582521824332|神州万峰|快乐购战略融资获得16亿人民币投资
1594806582521824333|美田社|Sun Basket天使轮获得瓦肯资本等450万美元投资
1594806582521824334|趣熊科技|北汽蓝谷定向增发获得北工投资等投资
1594806582521824335|威达仕|迦美信芯Pre-A轮获得张江火炬创投投资
1594806582521824336|ARK design|维度市场研究新三板获得无投资
1594806582521824337|展讯通信|美新半导体A轮获得InveStar Capital等200万美元投资
1594806582521824338|触手TV|AnotherKeyA轮获得紫金科创投资
1594806582521824339|智线云|沃隆每日坚果天使轮获得红杉中国数亿人民币投资
1594806582521824340|艾瑞咨询|Virtalis未披露获得Alpina Partners投资
1594806582521824341|泰和鑫|好利来 4000万人民币并购华功半导体
1594806582521824342|Houseparty|Contabilizei天使轮获得投资
1594806582521824343|展讯通信|咘噜戏剧天使轮获得时尚资本投资
1594806582521824344|Blin.gy|LevelTen Energy种子轮获得Techstars等100万美元投资
1594806582521824345|Quanergy|芒果娱乐未披露获得快乐购投资
1594806582521824346|PhonePe|萝卜车天使轮获得未披露机构510万人民币投资
1594806582521824347|光力科技|久好电子B轮获得马力创投投资
1594806582521824348|青创众帮|FireblocksA轮获得Cyberstart等1600万美元投资
1594806582521824349|强联智创|优杯Yours Cup天使轮获得伯乐遇马天使投资数百万人民币投资
1594806582521824350|博广环保|FabHotelsB轮获得高盛集团等2500万美元投资
1594806582521824351|垦拓流体|无 并购金惠科技
1594806582521824352|混沌天成|小城达人天使轮获得梅州市天放投资有限公司100万人民币投资
1594806582521824353|星云股份|紫清信息A轮获得汇嘉创投投资
1594806582521824354|Unstoppable Domains|昆明怡美假日战略融资获得光大控股投资
1594806582521824355|Yeelink|延华智能获得未披露机构投资
1594806582521824356|Psibernetix|中和车身新三板获得未披露机构投资
1594806582521824357|Narvar|微吼直播D轮获得深创投2.3亿人民币投资
1594806582521824358|又乐网络科技|全通枸杞新三板获得未披露机构投资
1594806582521824359|飞熊领鲜|人人电商A轮获得深创投等2500万人民币投资
1594806582521824360|哇咔足球|未披露机构 82.69亿人民币并购铂涛集团
1594806582521824361|SignalFx|DoctolibC轮获得Bpifrance等4200万美元投资
1594806582521824362|Belter倍泰健康|Convert labPre-A轮获得未披露机构数百万人民币投资
1594806582521824363|烽创科技|华通线缆未披露获得深创投等投资
1594806582521824364|立方新能源|日日顺乐家A+轮获得未披露机构投资
1594806582521824365|亿车科技|盛世通汇未披露获得平安财富投资
1594806582521824366|餐链|融光纳米天使轮获得移盟资本投资
1594806582521824367|WorldRemit|雨禾精纤新三板获得无投资
1594806582521824368|远鉴科技|北京链安种子轮获得 JRR Crypto等数百万人民币投资
1594806582521824369|云住养|以岭药业未披露获得海尔资本等13.06亿人民币投资
1594806582521824370|闪闪课堂|Lockin ChinaA+轮获得五岳资本数百万美元投资
1594806582521824371|科达自控|Bus365A轮获得阿里旅行（飞猪）投资
1594806582521824372|DeepScale|赛飞软件A+轮获得汇聚贰号等3000万人民币投资
1594806582521824373|Helium Systems|PowerInbox天使轮获得Correlation Ventures80万美元投资
1594806582521824374|机械公民|澳坤生物D轮获得深创投1800万人民币投资
1594806582521824375|智线云|卓唯智科技种子轮获得个人投资者投资
1594806582521824376|艾弗洛|PostmatesC轮获得3500万美元投资
1594806582521824377|创达特|中影年年A+轮获得哔哩哔哩数千万人民币投资
1594806582521824378|天津深之蓝|宏原科技MarcpointPre-A轮获得协立投资等数千万人民币投资
1594806582521824379|中装速配|南涪铝精密战略融资获得珠海横琴大一龙门一号谷关投资合伙企业（有限合伙）投资
1594806582521824380|富聊|Talend获得高盛等8600万美元投资
1594806582521824381|华亿能源|乐汇牧业新三板获得未披露机构投资
1594806582521824382|蓝泰源|科脉技术新三板获得新大陆8000万人民币投资
1594806582521824383|中广通业|索尔科技新三板获得未披露机构投资
1594806582521824384|30迈|富驰高科战略融资获得方广资本等投资
1594806582521824385|Freightera|中天羊业战略融资获得贫困地区产业投资基金股份有限公司6000万人民币投资
1594806582521824386|唯医骨科网|KeyMeC轮获得QuestMark Partners等1500万美元投资
1594806582521824387|异乡好居|360搜索Pre-IPO获得胡明等投资
1594806582521824388|Hailo|零眸智能天使轮获得华映资本等数千万人民币投资
1594806582521824389|Bird| 11.14亿人民币并购聚隆科技
1594806582521824390|大街网|明东电器新三板获得未披露机构投资
1594806582521824391|科美生物|国泰利民获得未披露机构投资
1594806582521824392|数据米铺|中体柠檬A+轮获得未披露机构数千万人民币投资
1594806582521824393|IPSTAR潮玩星球|第1车贷A+轮获得华创资本等2.17亿人民币投资
1594806582521824394|卓力能|满座网A轮获得凯鹏华盈1000万美元投资
1594806582521824395|国鸿集团|过来人求职网Pre-A轮获得未披露机构投资
1594806582521824396|博艺网|罗博数码A轮获得巨峰科创投资
1594806582521824397|中汇影视|中科昊音天使轮获得近千万人民币投资
1594806582521824398|大猩猩科技|北汽蓝谷在公开发行上市
1594806582521824399|TYFFON|云链金融A轮获得智德盛投资
1594806582521824400|Drone League|富泰融通天使轮获得中海盈通投资
1594806582521824401|Art.com|晓鸣农牧新三板获得未披露机构投资
1594806582521824402|小微律政|DOOgether种子轮获得等投资
1594806582521824403|惠利股份|云一传媒战略融资获得数百万人民币投资
1594806582521824404|超级猩猩|海盈科技未披露获得四川金顶5.28亿人民币投资
1594806582521824405|Zendesk|庆功林新三板获得未披露机构投资
1594806582521824406|智棱科技|莱杯咖啡Pre-A轮获得真格基金等1000万人民币投资
1594806582521824407|万盛达|金立停止运营
1594806582521824408|深发红木|Mobidiag债权融资获得2500万欧元投资
1594806582521824409|贝克微电子|金穗生态新三板获得无投资
1594806582521824410|鲲池影业|贵阳朗玛信息 1220万人民币并购39互联网医院
1594806582521824411|蓝帽互动|康通新三板获得未披露机构投资
1594806582521824412|TOP链|Northvolt战略融资获得Vattenfall AB Vargas8755万人民币投资
1594806582521824413|亦诺微医药|瀛海股份新三板获得未披露机构投资
1594806582521824414|清泰科|人人婚猎天使轮获得思科投资500万人民币投资
1594806582521824415|米刻科技|CompassC轮获得406 Ventures等6000万美元投资
1594806582521824416|Sckipio Technologies|KeyMeA轮获得White Star Capital等780万美元投资
1594806582521824417|博浩生物|乐行科技A轮获得熊猫资本等1.08亿人民币投资
1594806582521824418|莱赛激光|朗德华A轮获得个人投资者600万人民币投资
1594806582521824419|soft robotics|TastemadeB轮获得红点（海外）等1000万美元投资
1594806582521824420|大象医生|南昌鼎创科技A轮获得定禄投资投资
1594806582521824421|DreamBox|五株科技天使轮获得君盛投资等投资
1594806582521824422|众天力|CryptoKittiesA轮获得Union Square Ventures等1200万美元投资
1594806582521824423|满电未来|天人生态A轮获得凯鹏华盈等3000万美元投资
1594806582521824424|中汇影视|孚能科技B轮获得立达资本等投资
1594806582521824425|棒米体温计|颜匠工场Pre-A轮获得未披露机构1500万人民币投资
1594806582521824426|氢璞创能|招聘兔战略融资获得无数百万人民币投资
1594806582521824427|炬光科技|魔格科技A轮获得腾讯产业共赢基金等数千万人民币投资
1594806582521824428|沃镭科技|卓影科技新三板获得未披露机构投资
1594806582521824429|海兴科技|长和医疗天使轮获得西藏拉萨经济技术开发区天鹏投资有限公司投资
1594806582521824430|Signifyd|东方教育在上市
1594806582521824431|Hortonworks|众应互联定向增发获得等投资
1594806582521824432|润兆渔业|AlationB轮获得StartX创业加速器等2300万美元投资
1594806582521824433|大街网|ST华商新三板获得未披露机构投资
1594806582521824434|KKday|新天然气 25.77亿人民币并购亚美能源
1594806582521824435|长荣农科|少点盐天使轮获得未披露机构数百万人民币投资
1594806582521824436|欧比特控制工程|云之家A+轮获得容韬资本投资
1594806582521824437|瑞通生物|Netafim未披露获得Mexichem15亿美元投资
1594806582521824438|WeWork China|三生制药战略融资获得BlackRock等1亿人民币投资
1594806582521824439|千年传说|大街网D轮获得基石资本等2亿人民币投资
1594806582521824440|Apricity|药帮忙战略融资获得湖北高投等7000万人民币投资
1594806582521824441|亚王电力|Nylas种子轮获得Betaworks200万美元投资
1594806582521824442|Medidata|科恩锐通新三板获得未披露机构投资
1594806582521824443|何氏眼科|中宙光电Pre-B轮获得东方赛富投资
1594806582521824444|君信财富|腕投B+轮获得安芙兰创投等投资
1594806582521824445|仕佳光子|HousepartyB轮获得等1400万美元投资
1594806582521824446|优普惠|豫能控股获得未披露机构投资
1594806582521824447|第1车贷|同程生活A轮获得等数千万美元投资
1594806582521824448|Lightbend|Axonius种子轮获得Vertex Venture Capital等400万美元投资
1594806582521824449|影创科技|Pi TherapeuticsB轮获得Pontifax等1970万美元投资
1594806582521824450|熊猫直播|敬之网络Pre-A轮获得沣扬资本数千万人民币投资
1594806582521824451|朗镜科技|美新半导体B轮获得Celtic House Venture Partners等825万美元投资
1594806582521824452|凯立德|捷夫珠宝未披露获得金一文化投资
1594806582521824453|鑫软图无线|深兰科技Pre-A轮获得云锋基金数千万人民币投资
1594806582521824454|齐翔通航|aktiia种子轮获得Translink Capital等413万美元投资
1594806582521824455|融道网|汇合点B轮获得华基伟业投资控股有限公司等投资
1594806582521824456|龟与熊猫|迈睿机器人A轮获得未披露机构数千万人民币投资
1594806582521824457|芯长征|乐乐雅A轮获得投资
1594806582521824458|仕佳光子|追一科技天使轮获得晨兴资本100万美元投资
1594806582521824459|老虎证券|美翻网Pre-A轮获得香港普利成1000万人民币投资
1594806582521824460|夏阳检测|Acorns战略融资获得The Rise Fund投资
1594806582521824461|高登世德|Campfire集团种子轮获得600万美元投资
1594806582521824462|星云Clustar|费勉仪器A轮获得御云投资投资
1594806582521824463|创米科技|鸿利光电获得未披露机构投资
1594806582521824464|Enevate|Moda OperandiB轮获得恩颐投资等1000万美元投资
1594806582521824465|圆周率科技|中和农信战略融资获得蚂蚁金服投资
1594806582521824466|E休智电|文祥渔业新三板获得无投资
1594806582521824467|墨迹天气|金众电子新三板获得未披露机构投资
1594806582521824468|华英农业|斯贝尔新三板获得未披露机构投资
1594806582521824469|首汽约车|智浦芯联新三板获得未披露机构投资
1594806582521824470|慧城科技|苏宁体育战略融资获得阿里巴巴投资
1594806582521824471|赶圩网|芯软科技新三板获得未披露机构投资
1594806582521824472|英腾教育|雷电微力C轮获得重庆小康集团等投资
1594806582521824473|赛诺医疗|华领医药C轮获得通和资本等5000万美元投资
1594806582521824474|丝路林牧|海迪科天使轮获得艾闻制造等投资
1594806582521824475|酒庄惠|SYMPHONYD轮获得 CLSA亚太恒富等6700万美元投资
1594806582521824476|中原证券|极伽时光天使轮获得浙江瑞瀛投资
1594806582521824477|Baccarat|农产品集购网B+轮获得中科招商数千万人民币投资
1594806582521824478|索智科技|森鹰窗业新三板获得未披露机构投资
1594806582521824479|微动Vidoo|"谦玛网络未披露获得	 元隆雅图2.09亿人民币投资"
1594806582521824480|莱杯咖啡|好家庭集团C轮获得达晨创投数千万人民币投资
1594806582521824481|南京油运|飞尚科技未披露获得无投资
1594806582521824482|宇华教育|优地科技天使轮获得投资
1594806582521824483|凯越电子|运去哪A+轮获得DCM等5000万人民币投资
1594806582521824484|又乐网络科技|LookerD轮获得凯鹏华盈等8150万美元投资
1594806582521824485|Zuora|柯美特新三板获得无投资
1594806582521824486|建研集团|挪瑞科技新三板获得未披露机构投资
1594806582521824487|桂牛乳业|金海股份B轮获得鲁证创投投资
1594806582521824488|单单计|金正大 9.68亿人民币并购金正大农业
1594806582521824489|飞恩微电子|进芯电子B轮获得汇创鑫投资投资
1594806582521824490|汇众医疗|少年派影业Pre-A轮获得数千万人民币投资
1594806582521824491|拓普索尔|富驰高科C轮获得源星资本等2亿人民币投资
1594806582521824492|万魔|Monstar LabC轮获得等1.5亿人民币投资
1594806582521824493|掌酷软件|威尔直播天使轮获得前海母基金投资
1594806582521824494|含能金属材料|惠德瑞新三板获得未披露机构投资
1594806582521824495|AirWheel爱尔威|欣含宇通新三板获得未披露机构投资
1594806582521824496|大佛药业|德业变频新三板获得未披露机构投资
1594806582521824497|江蔬种苗|Rotex柔电云科天使轮获得合力投资数千万人民币投资
1594806582521824498|AirWheel爱尔威|态格制造天使轮获得陕西恒通智能机器有限公司投资
1594806582521824499|旅销宝|锦江乐园战略融资获得国盛集团244万人民币投资
1594806582521824500|Lightly Tech|quiXmart 快猫天使轮获得未披露机构1000万人民币投资
1594806582521824501|禅游科技|微科生物新三板获得无投资
1594806582521824502|云南国旅|彩色铅笔动画Pre-A轮获得未披露机构投资
1594806582521824503|羊羊股份|陇神戎发A轮获得东证融通投资
1594806582521824504|泡泡云|联合佳成A轮获得华润置地控股有限公司投资
1594806582521824505|车讯网|源极科技战略融资获得宏达电投资
1594806582521824506|极客学院|GlossierC轮获得Index Ventures等5200万美元投资
1594806582521824507|慧财税|威胁猎人 并购云净网
1594806582521824508|天籁之声|上海积塔半导体A轮获得上海集成电路产业基金投资
1594806582521824509|柯林布瑞|Crew办公软件C轮获得DAG Ventures等3500万美元投资
1594806582521824510|瑞能股份|佑宝孕育Pre-A轮获得约印医疗基金数千万人民币投资
1594806582521824511|Carsvs卡萨维斯|乐刻运动D轮获得治平资本等投资
1594806582521824512|工派派|今日头条 并购半次元
1594806582521824513|Kyligence|米宅科技新三板获得无投资
1594806582521824514|中澳航空|远鉴科技B轮获得盛今创投投资
1594806582521824515|汇安保险|华维电瓷B轮获得海航资本投资
1594806582521824516|CarePay International|御宿生物Pre-A轮获得亚洲联合基金等1000万人民币投资
1594806582521824517|Grin Scooters|有利网A轮获得软银中国投资
1594806582521824518|唯传科技|熊猫云聘天使轮获得未披露机构800万人民币投资
1594806582521824519|宁夏结算|壹度股份新三板获得未披露机构投资
1594806582521824520|马力冷运|优艾维A轮获得成都双流聚源等1800万人民币投资
1594806582521824521|票易通|宁苗生态新三板获得未披露机构投资
1594806582521824522|Hailo|华丽志天使轮获得真格基金数千万人民币投资
1594806582521824523|帮啦跑腿|Platform.shB轮获得ISAI等730万美元投资
1594806582521824524|北京赛普乐|世纪本原新三板获得未披露机构投资
1594806582521824525|壹运动|青藤之恋战略融资获得巨人网络投资
1594806582521824526|博得立|十二栋文化种子轮获得平安创投投资
1594806582521824527|同程生活|韩升元新三板获得未披露机构投资
1594806582521824528|金电联行|马钢股份获得未披露机构投资
1594806582521824529|开鑫金服| 3.51亿人民币并购东田光电
1594806582521824530|巴山牧业|国联智能A轮获得北汽产投等投资
1594806582521824531|Baccarat|荣宝科技新三板获得未披露机构投资
1594806582521824532|网宿科技|光力科技获得未披露机构投资
1594806582521824533|蓝信科技|宝诚股份定向增发获得投资
1594806582521824534|口贷网|达因建材天使轮获得泰有投资等投资
1594806582521824535|朗坤软件|爱拼机B轮获得华映资本等1.2亿人民币投资
1594806582521824536|阮仕珍珠|95095医药未披露获得阿里巴巴10亿人民币投资
1594806582521824537|财货通|导远科技A轮获得合创资本等数千万人民币投资
1594806582521824538|饭来|逗卡未披露获得觅跑投资
1594806582521824539|国脉畅行|Ohh智能家居天使轮获得西科天使基金1000万人民币投资
1594806582521824540|铸神文化|Try＆Buy FashionsPre-A轮获得Venture Catalysts7000万投资
1594806582521824541|博致电子|SpinnyA轮获得等1320万美元投资
1594806582521824542|喆点|必安必恒新三板获得未披露机构投资
1594806582521824543|MIRROR健身|国联环科新三板获得未披露机构投资
1594806582521824544|云南中药|前景光电C轮获得三板汇投资投资
1594806582521824545|Eulerian|天使文化B轮获得投资
1594806582521824546|影创科技|UCloudE轮获得中国移动投资
1594806582521824547|盛世花都|九江银行在未披露机构上市
1594806582521824548|享+|加马行乐天使轮获得上海凌越资本500万人民币投资
1594806582521824549|仁盈科技|Convert labA轮获得春晓资本数千万人民币投资
1594806582521824550|Funding Circle|导远科技天使轮获得励石创投等投资
1594806582521824551|易赞|爱特康医疗B轮获得亦庄国投等数千万人民币投资
1594806582521824552|Travel Management Company|安美互联战略融资获得璧合科技等2400万人民币投资
1594806582521824553|玩主网|云汇天下种子轮获得永宣创投200万人民币投资
1594806582521824554|Micron美光半导体|甜头菜电商Pre-A轮获得梅花天使创投等投资
1594806582521824555|四方游泳|浙江普特战略融资获得等投资
1594806582521824556|Syook|御茶村A轮获得投资
1594806582521824557|去兜风|垦丰种业未披露获得投资
1594806582521824558|城云国际|天际友盟A+轮获得奇虎360 （金融部）等投资
1594806582521824559|ARKie|Northvolt债权融资获得European Investment Bank5250万欧元投资
1594806582521824560|Republic| 2869万人民币并购西部农资
1594806582521824561|鲸腾网络|VNTripC轮获得投资
1594806582521824562|企迈云商|Against Gravity天使轮获得Maveron等500万美元投资
1594806582521824563|太康制冷|微摇A+轮获得万达投资
1594806582521824564|芯百特|安诺优达B轮获得崇德基金等数千万人民币投资
1594806582521824565|加一次元|新光圆成战略融资获得新光集团投资
1594806582521824566|药明康德|长和医疗战略融资获得启明创投投资
1594806582521824567|柳晶科技|办伴科技战略融资获得7200万人民币投资
1594806582521824568|Apartment List|东方四通新三板获得未披露机构投资
1594806582521824569|悦动圈|君立华域新三板获得未披露机构投资
1594806582521824570|冥想大师|中电昆辰A+轮获得成都金亚科技2000万人民币投资
1594806582521824571|嗨森|加小传媒天使轮获得数百万人民币投资
1594806582521824572|手滑科技|合生创展集团有限公司 5100万人民币并购凤凰文投
1594806582521824573|易制科技|中原证券在未披露机构上市
1594806582521824574|广西熊孩子|雨点金服C轮获得德邦证券等投资
1594806582521824575|罗益生物制药|AquabyteA轮获得等1000万美元投资
1594806582521824576|虎扑体育|精湛光电未披露获得瑞华投资等1.16亿人民币投资
1594806582521824577|鲲觉|华益健康天使轮获得博睿通投资等投资
1594806582521824578|安元科技|视酷股份新三板获得未披露机构投资
1594806582521824579|联想来酷|YAOPAI云摄影Pre-A轮获得起点资本数千万人民币投资
1594806582521824580|HealthifyMe|博鸟绘本A轮获得等过千万人民币投资
1594806582521824581|天豫薯业|农产品集购网B轮获得中科招商数千万人民币投资
1594806582521824582|仁光科技|哲达科技新三板获得未披露机构投资
1594806582521824583|中瑞新源|必示科技A+轮获得高榕资本等投资
1594806582521824584|旗客科技|木瓜校园交易平台Pre-A轮获得创业工坊投资
1594806582521824585|Ecobee|隐逸数字天使轮获得华扬联众投资
1594806582521824586|贵州学程无忧|盖饭内容工场Pre-A轮获得天善资本数千万投资
1594806582521824587|UCloud|林州致远电子天使轮获得富德兴盛等投资
1594806582521824588|ARKie|蒙草生态在公开发行上市
1594806582521824589|集付通|前海理想金融未披露获得协同通信投资
1594806582521824590|奇致激光|爱侣健康新三板获得未披露机构投资
1594806582521824591|金粮股份|优必爱天使轮获得云天使基金600万人民币投资
1594806582521824592|金电联行|晶珠藏药战略融资获得光大金控等投资
1594806582521824593|威能电源|油小二天使轮获得中路资本1000万人民币投资
1594806582521824594|安顺生物|Nulac未披露获得Bubs投资
1594806582521824595|仁华置业|E-Sprots Chain战略融资获得无1000万人民币投资
1594806582521824596|Bare Necessities|AgariE轮获得Scale Venture等4000万美元投资
1594806582521824597|久洁车服|CorvidiaB轮获得Venrock等6000万美元投资
1594806582521824598|云之家|三生制药A轮获得德诚资本等1.54亿美元投资
1594806582521824599|天霖艺绿化|Air.Air！天使轮获得未披露机构数百万人民币投资
1594806582521824600|奇致激光|职趣科技A轮获得经纬中国投资
1594806582521824601|天际航|微纳科技A轮获得宽带资本CBC等数千万人民币投资
1594806582521824602|tower|中交金卡Pre-A轮获得南岭资本投资
1594806582521824603|Houseparty|双子智能装备股权转让获得永安药业3000万人民币投资
1594806582521824604|次元社|全志科技在深圳证券交易所上市
1594806582521824605|任子行|奇瑞新能源A+轮获得上海国科同华投资管理中心（有限合伙）投资
1594806582521824606|览众科技|集氪集采种子轮获得未披露机构数百万人民币投资
1594806582521824607|汇丰信息技术|卓泰制药A轮获得投资
1594806582521824608|量化科技|Labster种子轮获得Innovation Fund Denmark367万美元投资
1594806582521824609|赛诺特生物|信合节能新三板获得未披露机构投资
1594806582521824610|铂涛集团|赫尔墨斯A轮获得诚毅资本数千万人民币投资
1594806582521824611|中技克美|Sedgwick Claims未披露获得凯雷亚洲基金60亿美元投资
1594806582521824612|祐和医药|安诺优达A轮获得北极光创投等数千万人民币投资
1594806582521824613|Pratilipi|安凯微电子A轮获得富成投资投资
1594806582521824614|AMIRO|中科微精A+轮获得中信聚信投资
1594806582521824615|鹿大师|云南水务二次供水有限公司未披露获得融源资本投资
1594806582521824616|安诺优达|坚瑞沃能战略融资获得南京力腾新能源科技有限公司等投资
1594806582521824617|聚土网|YOYOWPre-A轮获得汉鼎宇佑等1.5亿人民币投资
1594806582521824618|随喔旅行|TOP链战略融资获得分布式资本等600万美元投资
1594806582521824619|中广影视|壹点意念天使轮获得微影资本等1亿人民币投资
1594806582521824620|小微律政|迈威通信未披露获得东湖创投投资
1594806582521824621|是他|中合国信(杭州)实业发展有限公司等 并购美盛文化
1594806582521824622|广睿联科技|智核生物天使轮获得薄荷资本投资
1594806582521824623|德冠廷|嗨团建A轮获得百姓网1000万人民币投资
1594806582521824624|钧嵌传感|爱司马特天使轮获得明德天盛等投资
1594806582521824625|奥锐特药业|尚作农业A轮获得未披露机构4000万人民币投资
1594806582521824626|亿图图示|凯添燃气新三板获得未披露机构投资
1594806582521824627|七彩亮点| 14.85亿人民币并购顺宇科技
1594806582521824628|GreatCall|百分点B轮获得IDG资本等1000万美元投资
1594806582521824629|三个爸爸|天邦菌业新三板获得未披露机构投资
1594806582521824630|中电港|Postmates未披露获得BlackRock等1亿美元投资
1594806582521824631|Airmx|锦宁铝镁新材料天使轮获得浙江康瑞投资有限公司投资
1594806582521824632|深慧视科技|冷链马甲A轮获得胖猫创投投资
1594806582521824633|科源新材|亚洲医疗战略融资获得美国泛大西洋投资集团1.5亿美元投资
1594806582521824634|天威新能源|富芯微电子B轮获得投资
1594806582521824635|Porter Road|东金科技新三板获得未披露机构投资
1594806582521824636|M5STACK|闪联工程中心战略融资获得联想创投等投资
1594806582521824637|诚烨股份|思泰意达战略融资获得力合清源投资
1594806582521824638|深睿医疗|山东金城医药 1.65亿人民币并购磐谷药源
1594806582521824639|YW由我|供联天下A+轮获得投资
1594806582521824640|上海威派格|纸条天使轮获得壹五叁资本等3000万人民币投资
1594806582521824641|爱租时代|福讯软件A轮获得兴业证券1000万人民币投资
1594806582521824642|中斗科技|金山股份获得未披露机构投资
1594806582521824643|大众文化|益方生物A轮获得礼来亚洲基金等1100万美元投资
1594806582521824644|博世华域转向|齐家科技A轮获得招商资本数千万人民币投资
1594806582521824645|Contabilizei|Livekick种子轮获得等300万美元投资
1594806582521824646|福信富通|先众股份新三板获得未披露机构投资
1594806582521824647|聚达光电|骊住海尔未披露获得海尔厨房等4.46亿投资
1594806582521824648|纽顿科技|深兰科技战略融资获得绿地集团3亿人民币投资
1594806582521824649|Hailo|造梦科技天使轮获得拉隆基金等300万人民币投资
1594806582521824650|科尔股份|小微律政A轮获得复星锐正资本等500万美元投资
1594806582521824651|香港FunNow|兆讯传媒A轮获得富海银涛5000万人民币投资
1594806582521824652|次元社|探迹Pre-A轮获得九合创投等1000万人民币投资
1594806582521824653|WiPlug推|宇通重工C轮获得未披露机构3850万人民币投资
1594806582521824654|墨迹天气|AcornsA轮获得Steelpoint Capital Partners250万美元投资
1594806582521824655|英莱科技|帮啦跑腿天使轮获得深圳市互丰投资数百万人民币投资
1594806582521824656|瑞光科技|诺文科技新三板获得未披露机构投资
1594806582521824657|Amber Enterprise|蓝圈新材新三板获得未披露机构投资
1594806582521824658|贝特智联|绿宇新材新三板获得无投资
1594806582521824659|中能加速器|BHex战略融资获得库神钱包等投资
1594806582521824660|城关物业|凯利泰医疗科技有限公司 4.95亿人民币并购Elliquence, LLC
1594806582521824661|Kyligence|DCS链战略融资获得BlackRock投资
1594806582521824662|遨博寰宇|爱租时代A+轮获得熠美投资投资
1594806582521824663|健保通|迪富电子新三板获得未披露机构投资
1594806582521824664|元高分|索新餐饮Pre-A轮获得AC加速器投资
1594806582521824665|快醒科技|成者科技天使轮获得大连创业工坊数百万人民币投资
1594806582521824666|Belter倍泰健康|TQ云呼叫中心A轮获得掌上通网络技术有限公司500万人民币投资
1594806582521824667|霖度网络|比特米战略融资获得极豆资本等数千万人民币投资
1594806582521824668|腾讯音乐|米联科A轮获得孝昌水木投资投资
1594806582521824669|Enevate|陕西旅游新三板获得未披露机构投资
1594806582521824670|汉朗光电|星巢网络天使轮获得基本粒子等数千万人民币投资
1594806582521824671|亲宝宝|成都魔方在线A+轮获得青岛金王投资
1594806582521824672|Shubham Housing|中晋冶金A轮获得山西创投基金投资
1594806582521824673|Brookstone博克斯通|NubankC轮获得DST数千万美元投资
1594806582521824674|喀什银行|微智电子战略融资获得西科天使基金投资
1594806582521824675|航天网信|微吼直播C+轮获得未披露机构数千万人民币投资
1594806582521824676|光鉴科技|睿丽医疗天使轮获得集素资本等数百万人民币投资
1594806582521824677|宸安生物|云迹设计Pre-A轮获得投资
1594806582521824678|信合棉业|三力制药战略融资获得渤溢基金等投资
1594806582521824679|老虎证券|智普信Pre-A轮获得腾讯投资等过亿人民币投资
1594806582521824680|Bogart Group|态格制造A轮获得投资
1594806582521824681|够近智慧社区|星巢网络Pre-A轮获得青锐创投等5000万人民币投资
1594806582521824682|海通恒信|惠牛科技Pre-A轮获得中科创星等数千万人民币投资
1594806582521824683|Airbnb中国|百分点E轮获得国新央企运营投资基金等5亿人民币投资
1594806582521824684|光智通讯|CCL电竞C站种子轮获得无100万人民币投资
1594806582521824685|青青稞酒|番茄来了A轮获得美团数千万人民币投资
1594806582521824686|建装业|云丁科技E轮获得厦门灵溪管理咨询合伙企业（有限合伙）投资
1594806582521824687|上善网络|爱迪生定向增发获得海鸥住工投资
1594806582521824688|鸿达电子|4K花园A+轮获得粤科金融等7000万人民币投资
1594806582521824689|友乎|瑞斯康集团未披露获得未披露机构投资
1594806582521824690|昆艺学院|趣虹A轮获得坚果资本投资
1594806582521824691|鼎圣科技|有伞Usan天使轮获得同程旅游等3000万人民币投资
1594806582521824692|锱云科技|优雷特天使轮获得产城资本等100万人民币投资
1594806582521824693|中汇影视|Metawave种子轮获得尚欣资本等700万美元投资
1594806582521824694|粤电力Ａ|Metawave天使轮获得现代汽车等1000万美元投资
1594806582521824695|捕梦网|西安航天民芯科技A轮获得航天创投投资
1594806582521824696|Bus365|IVRE在无上市
1594806582521824697|华富储能|Social Limited未披露获得蓝色光标投资
1594806582521824698|趣酷文化|安杰建筑未披露获得围海股份657万人民币投资
1594806582521824699|良村热电|诚亿自动化未披露获得徐州海伦哲专用车辆股份有限公司6亿人民币投资
1594806582521824700|TPC|星巡智能A+轮获得猎豹移动等投资
1594806582521824701|小微律政|双林股份 4.65亿人民币并购诚烨股份
1594806582521824702|小桥流水娱乐|UpstreamA轮获得CRV等900万美元投资
1594806582521824703|只去|信用视界A轮获得国投东兴投资
1594806582521824704|investSure|GOATA+轮获得经纬中国等500万美元投资
1594806582521824705|碧螺塔|羊驼教育Pre-A轮获得原创资本1000万人民币投资
1594806582521824706|bromen|好兄弟教育新三板获得未披露机构投资
1594806582521824707|A-Champs|阿里体育B轮获得鹏汇投资等投资
1594806582521824708|圆融光电|车夫网战略融资获得投资
1594806582521824709|支付宝校园生活|华芯触控B轮获得济南科投投资
1594806582521824710|奥义电竞|国瑞税务新三板获得无投资
1594806582521824711|聚土网|海露OCEAN AQUAA轮获得江苏高科技投资等投资
1594806582521824712|Lockin China|嘟嘟生活A轮获得壹号资本数千万人民币投资
1594806582521824713|柔创纳米|中原环保获得未披露机构投资
1594806582521824714|云汇天下|通视光电B轮获得中投瑞石投资
1594806582521824715|分秒速递|原歌酒庄新三板获得未披露机构投资
1594806582521824716|微众中海|泡椒网A+轮获得深创投数千万人民币投资
1594806582521824717|宇声科技|四川云端赛A+轮获得晨山资本投资
1594806582521824718|欧迅体育|美会说天使轮获得PreAngel数百万人民币投资
1594806582521824719|优译信息|朗科科技获得未披露机构投资
1594806582521824720|Aria Systems|EasystackC轮获得国科嘉和5000万美元投资
1594806582521824721|F1 Info|Lyra Health种子轮获得Castlight Health310万美元投资
1594806582521824722|沙丁科技|考拉悠然Pre-A轮获得未披露机构数千万人民币投资
1594806582521824723|美新半导体|铭汉股份新三板获得未披露机构投资
1594806582521824724|Dehlivery|华依科技未披露获得诚毅资本投资
1594806582521824725|沃朴物联|福亿蓝海新三板获得未披露机构投资
1594806582521824726|宁德时代|SuperK迷你KTV天使轮获得无1000万人民币投资
1594806582521824727|泽立仕|Against GravityB轮获得未披露机构投资
1594806582521824728|运去哪|江西国化B轮获得创东方投资投资
1594806582521824729|雪银矿业|大朋VR战略融资获得未披露机构数千万人民币投资
1594806582521824730|洛阳餐旅|科陆电子未披露获得远致投资10.34亿人民币投资
1594806582521824731|斯达电气|祁药股份新三板获得未披露机构投资
1594806582521824732|华丰种业|新材料在线A轮获得启赋资本投资
1594806582521824733|上讯信息|建装业新三板获得未披露机构投资
1594806582521824734|Hi维修|爱侣健康战略融资获得浙商创投2000万人民币投资
1594806582521824735|雅量商业智能|宝丰能源在上市
1594806582521824736|深昱网络|Morse MicroA轮获得等2380万美元投资
1594806582521824737|九次方大数据|CredSimpleB轮获得Primary Ventures等1400万美元投资
1594806582521824738|点米科技|Evident.ioC轮获得谷歌风投等2200万美元投资
1594806582521824739|AppMagic|凸赞科技Pre-A轮获得中美创投数千万人民币投资
1594806582521824740|墨迹天气|小瞄在线种子轮获得未披露机构200万人民币投资
1594806582521824741|正和祥医药|打扮家战略融资获得等1800万人民币投资
1594806582521824742|瑞凯股份|哲达科技D轮获得华睿投资500万人民币投资
1594806582521824743|次元社|比得网天使轮获得未披露机构150万人民币投资
1594806582521824744|Stanley Robotics|正雅齿科C轮获得上海中金资本等数亿人民币投资
1594806582521824745|西岐网络|人人婚猎A轮获得上海西紫投资管理有限公司投资
1594806582521824746|Anaplan|黑果枸杞新三板获得未披露机构投资
1594806582521824747|盐湖股份|冀凯股份获得未披露机构投资
1594806582521824748|麦萌对手戏|AvegantA轮获得500startups等940万美元投资
1594806582521824749|fflick|科大智能股权转让获得刘强东6.18亿人民币投资
1594806582521824750|嘉泽物流|Refer.ly种子轮获得500 Startups等100万美元投资
1594806582521824751|Video++|InscriptaB轮获得Venrock等2300万美元投资
1594806582521824752|石墨文档|邦盛科技C轮获得国投创业1.5亿人民币投资
1594806582521824753|田东锦亿|虚拟影业天使轮获得腾讯投资投资
1594806582521824754|云蝌蚪科技|华艺园林A轮获得天星资本5000万人民币投资
1594806582521824755|科美生物|仙侠科技6816手游新三板获得未披露机构投资
1594806582521824756|一呼医生|银多网B轮获得瑞真投资等4000万人民币投资
1594806582521824757|海深科技|宜昌交运未披露获得宽带资本等投资
1594806582521824758|巨农管家|WigWag战略融资获得线性110万美元投资
1594806582521824759|同感科技|奇飞翔艺天使轮获得元禾重元等投资
1594806582521824760|亲邻科技|瑞森光学新三板获得未披露机构投资
1594806582521824761|沃镭科技|JustFabD轮获得经纬中国等8500万美元投资
1594806582521824762|solarisBank AG|华燕科技未披露获得中航电测投资
1594806582521824763|Zuora|全峰快递A轮获得力鼎等2亿人民币投资
1594806582521824764|蜀茂钻石|小安科技天使轮获得中科创星1000万人民币投资
1594806582521824765|VR Education|CCP Games未披露获得Pearl Abyss4.25亿美元投资
1594806582521824766|硕橙科技|KyligenceA轮获得宽带资本CBC等800万美元投资
1594806582521824767|软通智慧|速丰木业新三板获得无投资
1594806582521824768|百澳股份|云犀直播天使轮获得200万人民币投资
1594806582521824769|觅瑞科技|小鱼区块链天使轮获得深圳市优必爱信息科技有限公司3000万人民币投资
1594806582521824770|宜宠|艺微文化种子轮获得天禀资本50万人民币投资
1594806582521824771|广信股份| 并购Protean
1594806582521824772|太平湖文化|海伯森A+轮获得鲁信创投投资
1594806582521824773|能一郎|磨浆农业天使轮获得山西四海盛通企业管理有限公司投资
1594806582521824774|Loggi|欧鹏巴赫新三板获得未披露机构投资
1594806582521824775|DroneBase|第1车贷B轮获得经纬中国等3.6亿人民币投资
1594806582521824776|尚食科技|弹个工种子轮获得未披露机构数百万人民币投资
1594806582521824777|广哈通信|亚华电子材料B轮获得卓瑞投资投资
1594806582521824778|扬子安防|Evident.ioB轮获得未披露机构1570万美元投资
1594806582521824779|中星技术|富途证券在纳斯达克上市
1594806582521824780|中喜生态|世纪康瑞A轮获得景林等投资
1594806582521824781|维科电池|渥孚科技种子轮获得未披露机构50万人民币投资
1594806582521824782|兴海能源|Convert labB轮获得春晓资本等投资
1594806582521824783|铼锶信息|WP EnginePre-B轮获得未披露机构167万美元投资
1594806582521824784|三角防务|多度科技A轮获得未披露机构1亿人民币投资
1594806582521824785|苏芯物联|飞恩微电子未披露获得海纳亚洲投资
1594806582521824786|华英农业|Evolved By Nature战略融资获得Chanel投资
1594806582521824787|太兴集团|顺博合金新三板获得未披露机构投资
1594806582521824788|飞恩微电子|财货通天使轮获得等投资
1594806582521824789|你我金融|国路安定向增发获得中国航天科工等9841万人民币投资
1594806582521824790|solarisBank AG|杰娱网络未披露获得欢聚时代/YY投资
1594806582521824791|轻松住|Against GravityA轮获得未披露机构投资
1594806582521824792|林洋电子|北汽蓝谷定向增发获得渤海活塞投资
1594806582521824793|锐越微技术|邦尔医疗A轮获得斯道资本投资
1594806582521824794|亮风台|探鹿A轮获得华创资本等1000万美元投资
1594806582521824795|鼎航医药|浙江驿栈战略融资获得圆通速递等31.67亿人民币投资
1594806582521824796|一号媒婆|金雄节能新三板获得未披露机构投资
1594806582521824797|潍坊德诺泰克|深睿医疗C轮获得等数亿人民币投资
1594806582521824798|Turnitin|逗妮开心Pre-A轮获得乐奕创投1000万人民币投资
1594806582521824799|豪迈生物|星河旅游B轮获得云南汉鼎投资有限公司投资
1594806582521824800|Cyteir Thera|驿公里B+轮获得酉金资本投资
1594806582521824801|Doctolib|鲲觉A轮获得险峰长青数千万人民币投资
1594806582521824802|凯谱乐|澳乐网A轮获得投资方未知数千万人民币投资
1594806582521824803|网宿科技|疯狂小狗B轮获得等3亿人民币投资
1594806582521824804|大地牧业|安歆集团 并购逗号公寓
1594806582521824805|氦舶新能源|健保通Pre-A轮获得清控银杏投资
1594806582521824806|芒果出行|莱鸿体育战略融资获得鸿翔控股投资
1594806582521824807|诺伯曼运动会馆|上讯信息B轮获得软银中国等近亿人民币投资
1594806582521824808|海博为药业|LetzConnectPre-A轮获得等投资
1594806582521824809|欧迅体育|SolidEnergyB轮获得尚欣资本等1200万美元投资
1594806582521824810|和其瑞医药|明道天使轮获得未披露机构数百万人民币投资
1594806582521824811|中国东方电气集团公司|管车所天使轮获得梅花天使创投1000万人民币投资
1594806582521824812|巨龙铜业|Biocoat未披露获得未披露机构投资
1594806582521824813|好生活|德美医疗B轮获得元生创投等数千万人民币投资
1594806582521824814|易改衣|控维通信科技天使轮获得等数千万人民币投资
1594806582521824815|环港股份|VCCT汽车链战略融资获得投资
1594806582521824816|合信科技|垦拓流体A轮获得粤科金融投资
1594806582521824817|JSTYLE精美|LocanaA轮获得等5500万美元投资
1594806582521824818|信用宝|Varian Medical Systems 并购Alicon
1594806582521824819|DroneSeed|中科爱姆特天使轮获得中科创星等投资
1594806582521824820|艾瑞咨询|Postmates种子轮获得未披露机构6万美元投资
1594806582521824821|晶华光学|海乐尔A轮获得海丰至诚等投资
1594806582521824822|万企网络|中建教育A轮获得投资
1594806582521824823|药明康德|科德威新三板获得未披露机构投资
1594806582521824824|东电云视|慧居科技新三板获得未披露机构投资
1594806582521824825|沃朴物联|镇江固废新三板获得未披露机构投资
1594806582521824826|圣牧高科|甲加由A轮获得星瀚资本等2800万人民币投资
1594806582521824827|百漫文化|硕橙科技Pre-A轮获得梅花创投等数千万人民币投资
1594806582521824828|墨云科技|宏奇药业战略融资获得Golden Sunflower Capital4318万人民币投资
1594806582521824829|欣锐科技|卖到非洲网Pre-B轮获得华创资本8000万人民币投资
1594806582521824830|Jawbone|ContabilizeiPre-A轮获得未披露机构投资
1594806582521824831|Qoreboard|优果汇天使轮获得景山资本等投资
1594806582521824832|肥城制盐|龙腾园林新三板获得无投资
1594806582521824833|爱司马特|当虹科技A+轮获得光线传媒等1亿人民币投资
1594806582521824834|氢璞创能|悟能用餐种子轮获得鑫源资本投资
1594806582521824835|三叶草生物制药|布拉旅行天使轮获得未披露机构300万人民币投资
1594806582521824836|英华融泰|礼诺种子轮获得HV Holtzbrinck Ventures投资
1594806582521824837|快乐家家亲|北京博达新三板获得未披露机构投资
1594806582521824838|振东制药|宝合金服战略融资获得百合网等1亿人民币投资
1594806582521824839|澳坤生物|遂真生物战略融资获得数千万人民币投资
1594806582521824840|根号教育|微动Vidoo天使轮获得经纬中国投资
1594806582521824841|车萝卜|荣盛商业新三板获得未披露机构投资
1594806582521824842|捷福装备|华侨城商业天使轮获得中联基金等投资
1594806582521824843|允可精密工业|新宁物流战略融资获得3.76亿人民币投资
1594806582521824844|梦竞电竞|全波通信A轮获得德丰杰龙脉基金等投资
1594806582521824845|创冰科技|墨云科技A轮获得联想之星等2000万人民币投资
1594806582521824846|烽火富华|捕梦网C轮获得投资
1594806582521824847|沂岸花卉|谛听科技A轮获得京东数千万美元投资
1594806582521824848|KnowBe4|BeePayPre-A轮获得线性资本数千万人民币投资
1594806582521824849|恒领科技|浙江超容A轮获得金华高新等6000万人民币投资
1594806582521824850|麦高控股|PrivateaserA轮获得ISAI数百万投资
1594806582521824851|车主邦|太古冷链物流未披露获得万科集团投资
1594806582521824852|虎扑跑步|Funding CircleE轮获得DST等1.5亿人民币投资
1594806582521824853|绿洲园林|脸脸A轮获得丰实影美等投资
1594806582521824854|Critical Force|24KickPre-A轮获得联想之星等近千万人民币投资
1594806582521824855|阳光信贷部|Modern Fertility战略融资获得Maveron等600万美元投资
1594806582521824856|Domain Therapeutics|Personal CapitalE轮获得IGM Financial7500万美元投资
1594806582521824857|Kyruus|汇杰股份新三板获得无投资
1594806582521824858|摩提工房|思多科A轮获得普华资本等数千万人民币投资
1594806582521824859|墨迹天气|九柚时空天使轮获得未披露机构投资
1594806582521824860|天元信息技术|ViSenzeA+轮获得Mastercard Start Path投资
1594806582521824861|小码联城|第1车贷未披露获得未披露机构2亿人民币投资
1594806582521824862|校园司令|木棉说A轮获得得盛投资3000万人民币投资
1594806582521824863|ST亚东|小草公社种子轮获得无投资
1594806582521824864|金力永磁|任游网A+轮获得联想创投集团等3500万人民币投资
1594806582521824865|瑞立达|Postmates天使轮获得未披露机构75万美元投资
1594806582521824866|云樱医疗|SignalFxB轮获得CRV等2000万美元投资
1594806582521824867|天鸽互动|速站平台天使轮获得启迪之星投资
1594806582521824868|赛洛诗|元盛光电新三板获得未披露机构投资
1594806582521824869|Illumio|爱享聚种子轮获得100万人民币投资
1594806582521824870|智慧展务|宏原科技Marcpoint天使轮获得协立投资数百万人民币投资
1594806582521824871|中科体检|百分点天使轮获得华创智业投资
1594806582521824872|讯飞幻境|SYMPHONY战略融资获得渣打银行等1.65亿美元投资
1594806582521824873|梯度科技|火眼智能Pre-A轮获得长润金控投资
1594806582521824874|超粮网|和伍精密新三板获得未披露机构投资
1594806582521824875|Getsafe|爽提Pre-A轮获得凯盈资本650万人民币投资
1594806582521824876|约播|希望教育 7000万人民币并购贵州大学科技学院
1594806582521824877|Hi维修|玉象胡杨战略融资获得国信衡达投资
1594806582521824878|气味王国|陆特能源C轮获得普华资本1200万人民币投资
1594806582521824879|352环保科技|最右战略融资获得小米科技8000万美元投资
1594806582521824880|Funding Circle|Video++A轮获得未披露机构投资
1594806582521824881|礼诺|Diamond V未披露获得嘉吉公司投资
1594806582521824882|Aura Vision|随身教Pre-A轮获得未披露机构投资
1594806582521824883|众诚科技|睿捷网络未披露获得金泽国际投资
1594806582521824884|萝卜车|杭州昊方控制战略融资获得方向投资投资
1594806582521824885|中铁物流集团|长荣股份 6698万人民币并购长荣华鑫
1594806582521824886|技术邻|中汇影视定向增发获得松禾资本6000万人民币投资
1594806582521824887|马力冷运|易瑞微新三板获得无投资
1594806582521824888|玄派|科信美德天使轮获得共青城必昇投资管理合伙企业（有限合伙）等投资
1594806582521824889|团宴网|YTGA轮获得盈动资本数千万人民币投资
1594806582521824890|云势科技|电科电源新三板获得未披露机构投资
1594806582521824891|星源材质|薪朋Pre-A轮获得三行资本等数千万人民币投资
1594806582521824892|EverFi|药明康德战略融资获得斯道资本等1900万人民币投资
1594806582521824893|赢智汇|老板收菜种子轮获得骑士创投投资
1594806582521824894|汽配猫|麦竞文化种子轮获得未披露机构数百万人民币投资
1594806582521824895|安存语录|中科微光B轮获得荣安资本投资
1594806582521824896|CardioLogs|掌中无限新三板获得未披露机构投资
1594806582521824897|Roomi|逻得岛天使轮获得金控海投新旧动能转换基金1000万人民币投资
1594806582521824898|苏宁小店|福建好牛科技A轮获得厦门汇龙源投资管理有限公司投资
1594806582521824899|Modern Fertility|伊对A轮获得数千万人民币投资
1594806582521824900|晶朗光电|上机数控在上海证券交易所上市
1594806582521824901|速康智创|办伴科技A轮获得君紫资本等2亿人民币投资
1594806582521824902|爱思迈|Beyond Sports种子轮获得Triple-IT等236万美元投资
1594806582521824903|KUBO库宝| 3000万美元并购LEAP MOTION
1594806582521824904|北京链安|统力电工新三板获得未披露机构投资
1594806582521824905|人人行拍|浙江驿栈战略融资获得云锋基金等投资
1594806582521824906|探感科技|必瑞软件B轮获得安芙兰创投投资
1594806582521824907|穿越科技|物明投资 3亿人民币并购普什制药
1594806582521824908|善诊|魔鬼猫天使轮获得无投资
1594806582521824909|LUXE City Guides|凯立德新三板获得小米科技等投资
1594806582521824910|珂信健康|大街网E轮获得北极光创投等1亿人民币投资
1594806582521824911|柯渡医学|淘不锈Pre-A轮获得数千万人民币投资
1594806582521824912|一树药业|爱科百发A+轮获得启明创投等投资
1594806582521824913|仁塔科技|SITECH新特A轮获得鼎辉投资等数亿美元投资
1594806582521824914|爱立德软件|华南通信新三板获得无投资
1594806582521824915|利美康|凯思特新三板获得未披露机构投资
1594806582521824916|环宇装备|缘通电子新三板获得未披露机构投资
1594806582521824917|佰策科技|张飞充电A+轮获得凯珩资本等投资
1594806582521824918|华领医药|易林装饰新三板获得未披露机构投资
1594806582521824919|钧嵌传感|aiCTX种子轮获得十维资本120万美元投资
1594806582521824920|湖南金码智能|云汇天下新三板获得未披露机构投资
1594806582521824921|裕策生物|风云体育B轮获得永裕恒丰投资
1594806582521824922|uiza.io|人民网未披露获得阿里巴巴投资
1594806582521824923|医起|东电云视A轮获得中泰银河基金1500万人民币投资
1594806582521824924|天眼通网络|汇福康B轮获得金石投资等投资
1594806582521824925|拓攻|曙光农牧B轮获得昌图县八面大和智能化生猪养殖专业合作社投资
1594806582521824926|朗科科技|新华都未披露获得阿里巴巴等5亿人民币投资
1594806582521824927|inWE因味茶|玛络零售种子轮获得无80万人民币投资
1594806582521824928|科天健康|雷神科技B轮获得京东等数千万人民币投资
1594806582521824929|雷神科技|Coupang战略融资获得红杉中国1亿美元投资
1594806582521824930|运策物流|安存语录天使轮获得易一天使500万人民币投资
1594806582521824931|极视角|百分点C轮获得未披露机构2500万美元投资
1594806582521824932|威鑫农科|汇源通信未披露获得泡泡充电等投资
1594806582521824933|华天软件|柠檬觉醒未披露获得盘古餐饮投资
1594806582521824934|微位科技|陆特能源战略融资获得理成资产等投资
1594806582521824935|双赢伟业|中国一重获得未披露机构投资
1594806582521824936|中兴华康|联赢激光战略融资获得蔚来资本等投资
1594806582521824937|海迪科|财汛通天使轮获得洪泰基金投资
1594806582521824938|内蒙牧都|朗德华种子轮获得个人投资者600万人民币投资
1594806582521824939|雷电微力|云米科技在美国纳斯达克上市
1594806582521824940|冷链马甲|博艺网A+轮获得正友资产投资
1594806582521824941|紫金道合|半次元A轮获得创新工场等数百万美元投资
1594806582521824942|Signifyd|鼎福铝业股权转让获得鼎胜新材1.05亿人民币投资
1594806582521824943|氢璞创能|东电云视C轮获得广东小众投资1083万人民币投资
1594806582521824944|帝亚一维新能源汽车|昕瑞再生天使轮获得1000万人民币投资
1594806582521824945|工道风行|三角兽科技A轮获得东方网力等5000万人民币投资
1594806582521824946|三角兽科技|西王食品定向增发获得建设银行投资
1594806582521824947|Funding Circle|安扬激光A轮获得无锡云和世锦投资管理有限公司投资
1594806582521824948|Hortonworks|开阳电子A+轮获得远致投资投资
1594806582521824949|罐头场|锋讯科技种子轮获得无500万人民币投资
1594806582521824950|兆威股份|打扮家A+轮获得鼎信长城基金等7500万人民币投资
1594806582521824951|御风维安|深圳园林新三板获得未披露机构投资
1594806582521824952|秦淮数据|深兰科技A+轮获得中金公司2亿人民币投资
1594806582521824953|中谦广告|因诺科技A轮获得中科创星投资
1594806582521824954|药明康德|Pickle RobotsA轮获得等370万美元投资
1594806582521824955|Splash Financial|AutotalksE轮获得2000万美元投资
1594806582521824956|亚世光电|圣诺生物C轮获得等4700万美元投资
1594806582521824957|芯长征|中原物流新三板获得未披露机构投资
1594806582521824958|华龙证券|东翼科技天使轮获得江苏平陵建设投资集团有限公司等投资
1594806582521824959|Mohawk Group|Moda OperandiD轮获得Condé Nast等2160万美元投资
1594806582521824960|大唐药业|诺趣股份新三板获得无投资
1594806582521824961|Ecobee|人为峰新三板获得未披露机构投资
1594806582521824962|千里眼文化|青藤之恋A轮获得中清龙图投资
1594806582521824963|KnowBe4|ViSenzeB轮获得日本乐天Rakuten等1050万美元投资
1594806582521824964|大鲜浪|七灵石动漫天使轮获得盛万投资投资
1594806582521824965|冰壳科技|建研集团定向增发获得硅谷天堂8000万人民币投资
1594806582521824966|味之家|宇顺电子获得未披露机构投资
1594806582521824967|新琪安|展讯通信私有化获得紫光集团18亿美元投资
1594806582521824968|建业地产|赣锋锂业在香港交易所上市
1594806582521824969|漫漫漫画|Glose战略融资获得OneRagtime等340万美元投资
1594806582521824970|泡宝网|兴致科技新三板获得未披露机构投资
1594806582521824971|Roam & Wander|优信技术B轮获得苏州创投投资
1594806582521824972|邦尔医疗|手付通新三板获得未披露机构投资
1594806582521824973|京运通|悦动圈C轮获得Nokia等1亿人民币投资
1594806582521824974|海容冷链|中润资源 并购兴瑞商业
1594806582521824975|山石网科|百川环能定向增发获得光大控股等1.15亿人民币投资
1594806582521824976|钦家|优益城未披露获得华宝投资6.96亿美元投资
1594806582521824977|Funding Circle|天溯计量新三板获得未披露机构投资
1594806582521824978|Citcon|顺带速递SoonTake天使轮获得浙江风盈投资管理有限公司等投资
1594806582521824979|积硕科技|Naturally Slim战略融资获得投资
1594806582521824980|宝诚股份|青石证券Pre-A轮获得未披露机构投资
1594806582521824981|Sirin Labs|北京安恒新三板获得未披露机构投资
1594806582521824982|展招|八亿时空新三板获得未披露机构投资
1594806582521824983|襄阳轴承|奇致激光战略融资获得楚商资本等投资
1594806582521824984|欧联股份|汇电云联A轮获得一村资本等数千万人民币投资
1594806582521824985|云之家|Xiu喜柚油烟机Pre-A轮获得ONES Ventures数千万人民币投资
1594806582521824986|兴致科技|嘉应制药 并购德昌祥
1594806582521824987|南昌铁路旅游|炬星科技Pre-A轮获得真格基金等数千万人民币投资
1594806582521824988|极点游戏|因诺航空天使轮获得等1000万人民币投资
1594806582521824989|娱子酱|恋爱圈天使轮获得熊猫资本等近千万人民币投资
1594806582521824990|乐乐趣|中国高科集团 1.14亿人民币并购英腾教育
1594806582521824991|节水股份|ScaleFluxA轮获得HEDA Ventures投资
1594806582521824992|国联智能|创梦天地娱乐在港交所上市
1594806582521824993|Innoviz|绮纭传媒A轮获得灵思云途等投资
1594806582521824994|中汇影视|意时网B轮获得未披露机构投资
1594806582521824995|TFF Pharm|堂学格筑天使轮获得立思辰等投资
1594806582521824996|国机重装|InnovizC轮获得中国招商局资本等1.32亿美元投资
1594806582521824997|LGbtc3|新浪微博获得投资方未知投资
1594806582521824998|博涛文化|VIADNAA轮获得慧辰资讯投资
1594806582521824999|映界文化|天使医生A+轮获得马良资本1.2亿人民币投资
1594806582521826000|众普森科技|盼贷网A轮获得WI Harper Group投资
